,0,0
0,-1.0,6
1,-2.0,3
2,-3.0,3
3,-4.0,2
4,-5.0,4
5,-6.0,2
6,-7.0,1
7,-8.0,4
8,-9.0,2
9,-10.0,2
10,-11.0,1
11,-12.0,0
12,-13.0,3
13,-14.0,0
14,-15.0,1
15,-16.0,1
16,-17.0,2
17,-18.0,3
18,-19.0,5
19,-20.0,2
20,-21.0,6
21,-22.0,1
22,-23.0,4
23,-24.0,4
24,-25.0,2
25,-26.0,3
26,-27.0,4
27,-28.0,1
28,-29.0,1
29,-30.0,4
30,-31.0,5
31,-32.0,1
32,-33.0,3
33,-34.0,7
34,-35.0,4
35,-36.0,6
36,-37.0,3
37,-38.0,2
38,-39.0,3
39,-40.0,6
40,-41.0,4
41,-42.0,4
42,-43.0,5
43,-44.0,5
44,-45.0,2
45,-46.0,4
46,-47.0,2
47,-48.0,2
48,-49.0,4
49,-50.0,2
50,-51.0,4
51,-52.0,9
52,-53.0,5
53,-54.0,6
54,-55.0,4
55,-56.0,5
56,-57.0,4
57,-58.0,2
58,-59.0,4
59,-60.0,5
60,-61.0,7
61,-62.0,1
62,-63.0,3
63,-64.0,5
64,-65.0,3
65,-66.0,10
66,-67.0,7
67,-68.0,7
68,-69.0,4
69,-70.0,11
70,-71.0,2
71,-72.0,6
72,-73.0,6
73,-74.0,7
74,-75.0,11
75,-76.0,14
76,-77.0,24
77,-78.0,7
78,-79.0,9
79,-80.0,14
80,-81.0,11
81,-82.0,13
82,-83.0,15
83,-84.0,8
84,-85.0,14
85,-86.0,12
86,-87.0,15
87,-88.0,14
88,-89.0,13
89,-90.0,16
90,-91.0,9
91,-92.0,11
92,-93.0,11
93,-94.0,5
94,-95.0,16
95,-96.0,8
96,-97.0,12
97,-98.0,11
98,-99.0,8
99,-100.0,11
100,-101.0,17
101,-102.0,5
102,-103.0,9
103,-104.0,7
104,-105.0,7
105,-106.0,10
106,-107.0,6
107,-108.0,11
108,-109.0,15
109,-110.0,10
110,-111.0,7
111,-112.0,8
112,-113.0,6
113,-114.0,12
114,-115.0,9
115,-116.0,9
116,-117.0,7
117,-118.0,12
118,-119.0,14
119,-120.0,12
120,-121.0,7
121,-122.0,14
122,-123.0,14
123,-124.0,12
124,-125.0,16
125,-126.0,18
126,-127.0,19
127,-128.0,12
128,-129.0,11
129,-130.0,14
130,-131.0,25
131,-132.0,11
132,-133.0,17
133,-134.0,18
134,-135.0,19
135,-136.0,12
136,-137.0,20
137,-138.0,24
138,-139.0,23
139,-140.0,29
140,-141.0,16
141,-142.0,17
142,-143.0,17
143,-144.0,21
144,-145.0,16
145,-146.0,19
146,-147.0,18
147,-148.0,16
148,-149.0,26
149,-150.0,20
150,-151.0,20
151,-152.0,13
152,-153.0,16
153,-154.0,18
154,-155.0,18
155,-156.0,23
156,-157.0,28
157,-158.0,19
158,-159.0,14
159,-160.0,23
160,-161.0,13
161,-162.0,9
162,-163.0,16
163,-164.0,19
164,-165.0,16
165,-166.0,10
166,-167.0,16
167,-168.0,19
168,-169.0,17
169,-170.0,13
170,-171.0,18
171,-172.0,19
172,-173.0,17
173,-174.0,19
174,-175.0,17
175,-176.0,18
176,-177.0,13
177,-178.0,18
178,-179.0,21
179,-180.0,17
180,-181.0,13
181,-182.0,17
182,-183.0,14
183,-184.0,17
184,-185.0,10
185,-186.0,16
186,-187.0,14
187,-188.0,20
188,-189.0,18
189,-190.0,13
190,-191.0,23
191,-192.0,26
192,-193.0,23
193,-194.0,13
194,-195.0,33
195,-196.0,24
196,-197.0,16
197,-198.0,17
198,-199.0,31
199,-200.0,17
200,-201.0,18
201,-202.0,12
202,-203.0,19
203,-204.0,15
204,-205.0,36
205,-206.0,12
206,-207.0,27
207,-208.0,20
208,-209.0,21
209,-210.0,22
210,-211.0,24
211,-212.0,29
212,-213.0,19
213,-214.0,24
214,-215.0,24
215,-216.0,25
216,-217.0,21
217,-218.0,18
218,-219.0,24
219,-220.0,21
220,-221.0,15
221,-222.0,17
222,-223.0,18
223,-224.0,16
224,-225.0,24
225,-226.0,21
226,-227.0,28
227,-228.0,12
228,-229.0,23
229,-230.0,22
230,-231.0,19
231,-232.0,21
232,-233.0,34
233,-234.0,25
234,-235.0,15
235,-236.0,20
236,-237.0,20
237,-238.0,17
238,-239.0,26
239,-240.0,21
240,-241.0,23
241,-242.0,21
242,-243.0,22
243,-244.0,24
244,-245.0,31
245,-246.0,29
246,-247.0,37
247,-248.0,37
248,-249.0,33
249,-250.0,19
250,-251.0,21
251,-252.0,30
252,-253.0,21
253,-254.0,21
254,-255.0,29
255,-256.0,27
256,-257.0,26
257,-258.0,28
258,-259.0,30
259,-260.0,24
260,-261.0,36
261,-262.0,27
262,-263.0,27
263,-264.0,33
264,-265.0,33
265,-266.0,25
266,-267.0,33
267,-268.0,24
268,-269.0,34
269,-270.0,22
270,-271.0,21
271,-272.0,31
272,-273.0,26
273,-274.0,21
274,-275.0,21
275,-276.0,29
276,-277.0,22
277,-278.0,21
278,-279.0,26
279,-280.0,17
280,-281.0,23
281,-282.0,30
282,-283.0,28
283,-284.0,26
284,-285.0,30
285,-286.0,22
286,-287.0,18
287,-288.0,16
288,-289.0,19
289,-290.0,24
290,-291.0,30
291,-292.0,24
292,-293.0,24
293,-294.0,19
294,-295.0,20
295,-296.0,17
296,-297.0,18
297,-298.0,12
298,-299.0,29
299,-300.0,24
300,-301.0,11
301,-302.0,23
302,-303.0,30
303,-304.0,19
304,-305.0,26
305,-306.0,24
306,-307.0,29
307,-308.0,23
308,-309.0,27
309,-310.0,22
310,-311.0,28
311,-312.0,22
312,-313.0,28
313,-314.0,24
314,-315.0,25
315,-316.0,26
316,-317.0,18
317,-318.0,24
318,-319.0,14
319,-320.0,17
320,-321.0,25
321,-322.0,20
322,-323.0,18
323,-324.0,21
324,-325.0,18
325,-326.0,18
326,-327.0,10
327,-328.0,22
328,-329.0,17
329,-330.0,21
330,-331.0,16
331,-332.0,18
332,-333.0,18
333,-334.0,24
334,-335.0,20
335,-336.0,13
336,-337.0,16
337,-338.0,24
338,-339.0,21
339,-340.0,25
340,-341.0,23
341,-342.0,22
342,-343.0,24
343,-344.0,32
344,-345.0,25
345,-346.0,21
346,-347.0,25
347,-348.0,13
348,-349.0,15
349,-350.0,17
350,-351.0,17
351,-352.0,13
352,-353.0,18
353,-354.0,19
354,-355.0,27
355,-356.0,16
356,-357.0,21
357,-358.0,14
358,-359.0,12
359,-360.0,19
360,-361.0,13
361,-362.0,9
362,-363.0,11
363,-364.0,15
364,-365.0,26
365,-366.0,12
366,-367.0,13
367,-368.0,15
368,-369.0,14
369,-370.0,13
370,-371.0,15
371,-372.0,11
372,-373.0,14
373,-374.0,9
374,-375.0,20
375,-376.0,16
376,-377.0,14
377,-378.0,10
378,-379.0,14
379,-380.0,16
380,-381.0,20
381,-382.0,20
382,-383.0,22
383,-384.0,15
384,-385.0,17
385,-386.0,12
386,-387.0,17
387,-388.0,13
388,-389.0,21
389,-390.0,7
390,-391.0,8
391,-392.0,9
392,-393.0,21
393,-394.0,11
394,-395.0,19
395,-396.0,15
396,-397.0,14
397,-398.0,14
398,-399.0,8
399,-400.0,13
400,-401.0,11
401,-402.0,10
402,-403.0,18
403,-404.0,18
404,-405.0,13
405,-406.0,8
406,-407.0,9
407,-408.0,12
408,-409.0,10
409,-410.0,17
410,-411.0,12
411,-412.0,17
412,-413.0,13
413,-414.0,20
414,-415.0,17
415,-416.0,16
416,-417.0,10
417,-418.0,15
418,-419.0,11
419,-420.0,10
420,-421.0,15
421,-422.0,13
422,-423.0,19
423,-424.0,14
424,-425.0,8
425,-426.0,10
426,-427.0,16
427,-428.0,13
428,-429.0,13
429,-430.0,16
430,-431.0,18
431,-432.0,17
432,-433.0,25
433,-434.0,11
434,-435.0,14
435,-436.0,10
436,-437.0,4
437,-438.0,5
438,-439.0,10
439,-440.0,8
440,-441.0,19
441,-442.0,11
442,-443.0,18
443,-444.0,12
444,-445.0,9
445,-446.0,13
446,-447.0,14
447,-448.0,16
448,-449.0,10
449,-450.0,12
450,-451.0,18
451,-452.0,17
452,-453.0,15
453,-454.0,14
454,-455.0,14
455,-456.0,14
456,-457.0,5
457,-458.0,13
458,-459.0,11
459,-460.0,13
460,-461.0,11
461,-462.0,15
462,-463.0,20
463,-464.0,11
464,-465.0,15
465,-466.0,11
466,-467.0,15
467,-468.0,13
468,-469.0,9
469,-470.0,18
470,-471.0,18
471,-472.0,13
472,-473.0,13
473,-474.0,11
474,-475.0,11
475,-476.0,20
476,-477.0,11
477,-478.0,16
478,-479.0,19
479,-480.0,18
480,-481.0,19
481,-482.0,18
482,-483.0,16
483,-484.0,15
484,-485.0,17
485,-486.0,8
486,-487.0,14
487,-488.0,13
488,-489.0,13
489,-490.0,15
490,-491.0,7
491,-492.0,13
492,-493.0,7
493,-494.0,13
494,-495.0,17
495,-496.0,11
496,-497.0,15
497,-498.0,17
498,-499.0,9
499,-500.0,8
500,-501.0,14
501,-502.0,17
502,-503.0,8
503,-504.0,10
504,-505.0,13
505,-506.0,13
506,-507.0,14
507,-508.0,14
508,-509.0,10
509,-510.0,18
510,-511.0,8
511,-512.0,13
512,-513.0,18
513,-514.0,17
514,-515.0,14
515,-516.0,14
516,-517.0,14
517,-518.0,22
518,-519.0,20
519,-520.0,17
520,-521.0,20
521,-522.0,14
522,-523.0,17
523,-524.0,15
524,-525.0,17
525,-526.0,24
526,-527.0,13
527,-528.0,18
528,-529.0,10
529,-530.0,11
530,-531.0,14
531,-532.0,15
532,-533.0,15
533,-534.0,12
534,-535.0,10
535,-536.0,16
536,-537.0,14
537,-538.0,15
538,-539.0,10
539,-540.0,11
540,-541.0,12
541,-542.0,13
542,-543.0,10
543,-544.0,17
544,-545.0,13
545,-546.0,19
546,-547.0,10
547,-548.0,17
548,-549.0,11
549,-550.0,13
550,-551.0,13
551,-552.0,23
552,-553.0,11
553,-554.0,15
554,-555.0,13
555,-556.0,20
556,-557.0,21
557,-558.0,13
558,-559.0,9
559,-560.0,16
560,-561.0,18
561,-562.0,11
562,-563.0,16
563,-564.0,10
564,-565.0,12
565,-566.0,19
566,-567.0,13
567,-568.0,11
568,-569.0,14
569,-570.0,18
570,-571.0,11
571,-572.0,10
572,-573.0,14
573,-574.0,9
574,-575.0,9
575,-576.0,12
576,-577.0,16
577,-578.0,14
578,-579.0,15
579,-580.0,15
580,-581.0,29
581,-582.0,15
582,-583.0,13
583,-584.0,15
584,-585.0,16
585,-586.0,14
586,-587.0,9
587,-588.0,9
588,-589.0,10
589,-590.0,13
590,-591.0,13
591,-592.0,19
592,-593.0,11
593,-594.0,12
594,-595.0,11
595,-596.0,9
596,-597.0,13
597,-598.0,14
598,-599.0,13
599,-600.0,13
600,-601.0,14
601,-602.0,11
602,-603.0,10
603,-604.0,13
604,-605.0,9
605,-606.0,8
606,-607.0,6
607,-608.0,7
608,-609.0,12
609,-610.0,14
610,-611.0,10
611,-612.0,15
612,-613.0,17
613,-614.0,11
614,-615.0,7
615,-616.0,8
616,-617.0,12
617,-618.0,11
618,-619.0,7
619,-620.0,7
620,-621.0,8
621,-622.0,8
622,-623.0,8
623,-624.0,6
624,-625.0,13
625,-626.0,16
626,-627.0,9
627,-628.0,8
628,-629.0,14
629,-630.0,11
630,-631.0,11
631,-632.0,19
632,-633.0,12
633,-634.0,13
634,-635.0,8
635,-636.0,8
636,-637.0,5
637,-638.0,8
638,-639.0,12
639,-640.0,4
640,-641.0,11
641,-642.0,10
642,-643.0,9
643,-644.0,10
644,-645.0,17
645,-646.0,9
646,-647.0,16
647,-648.0,10
648,-649.0,4
649,-650.0,7
650,-651.0,5
651,-652.0,6
652,-653.0,10
653,-654.0,12
654,-655.0,11
655,-656.0,5
656,-657.0,5
657,-658.0,11
658,-659.0,7
659,-660.0,5
660,-661.0,7
661,-662.0,2
662,-663.0,6
663,-664.0,5
664,-665.0,5
665,-666.0,5
666,-667.0,3
667,-668.0,5
668,-669.0,6
669,-670.0,7
670,-671.0,7
671,-672.0,13
672,-673.0,6
673,-674.0,7
674,-675.0,5
675,-676.0,8
676,-677.0,6
677,-678.0,4
678,-679.0,10
679,-680.0,10
680,-681.0,8
681,-682.0,12
682,-683.0,10
683,-684.0,5
684,-685.0,5
685,-686.0,7
686,-687.0,9
687,-688.0,9
688,-689.0,10
689,-690.0,9
690,-691.0,13
691,-692.0,19
692,-693.0,11
693,-694.0,8
694,-695.0,11
695,-696.0,10
696,-697.0,14
697,-698.0,20
698,-699.0,11
699,-700.0,9
700,-701.0,9
701,-702.0,11
702,-703.0,11
703,-704.0,12
704,-705.0,10
705,-706.0,14
706,-707.0,8
707,-708.0,6
708,-709.0,8
709,-710.0,10
710,-711.0,6
711,-712.0,4
712,-713.0,7
713,-714.0,6
714,-715.0,10
715,-716.0,12
716,-717.0,12
717,-718.0,6
718,-719.0,5
719,-720.0,5
720,-721.0,9
721,-722.0,6
722,-723.0,5
723,-724.0,7
724,-725.0,5
725,-726.0,9
726,-727.0,3
727,-728.0,9
728,-729.0,7
729,-730.0,13
730,-731.0,10
731,-732.0,12
732,-733.0,13
733,-734.0,10
734,-735.0,9
735,-736.0,9
736,-737.0,14
737,-738.0,7
738,-739.0,10
739,-740.0,9
740,-741.0,10
741,-742.0,10
742,-743.0,9
743,-744.0,5
744,-745.0,5
745,-746.0,6
746,-747.0,6
747,-748.0,6
748,-749.0,8
749,-750.0,9
750,-751.0,6
751,-752.0,10
752,-753.0,4
753,-754.0,11
754,-755.0,6
755,-756.0,4
756,-757.0,2
757,-758.0,8
758,-759.0,1
759,-760.0,5
760,-761.0,7
761,-762.0,5
762,-763.0,3
763,-764.0,7
764,-765.0,7
765,-766.0,4
766,-767.0,3
767,-768.0,7
768,-769.0,6
769,-770.0,4
770,-771.0,4
771,-772.0,9
772,-773.0,8
773,-774.0,7
774,-775.0,7
775,-776.0,14
776,-777.0,11
777,-778.0,9
778,-779.0,12
779,-780.0,9
780,-781.0,5
781,-782.0,8
782,-783.0,6
783,-784.0,4
784,-785.0,6
785,-786.0,7
786,-787.0,5
787,-788.0,3
788,-789.0,7
789,-790.0,6
790,-791.0,8
791,-792.0,4
792,-793.0,5
793,-794.0,3
794,-795.0,4
795,-796.0,5
796,-797.0,8
797,-798.0,4
798,-799.0,6
799,-800.0,8
800,-801.0,11
801,-802.0,8
802,-803.0,11
803,-804.0,7
804,-805.0,9
805,-806.0,3
806,-807.0,6
807,-808.0,8
808,-809.0,2
809,-810.0,5
810,-811.0,4
811,-812.0,6
812,-813.0,3
813,-814.0,2
814,-815.0,4
815,-816.0,2
816,-817.0,6
817,-818.0,5
818,-819.0,8
819,-820.0,3
820,-821.0,3
821,-822.0,2
822,-823.0,4
823,-824.0,3
824,-825.0,6
825,-826.0,9
826,-827.0,8
827,-828.0,2
828,-829.0,5
829,-830.0,9
830,-831.0,2
831,-832.0,6
832,-833.0,7
833,-834.0,3
834,-835.0,9
835,-836.0,6
836,-837.0,10
837,-838.0,4
838,-839.0,6
839,-840.0,8
840,-841.0,9
841,-842.0,7
842,-843.0,6
843,-844.0,4
844,-845.0,6
845,-846.0,4
846,-847.0,8
847,-848.0,4
848,-849.0,9
849,-850.0,9
850,-851.0,6
851,-852.0,4
852,-853.0,6
853,-854.0,2
854,-855.0,9
855,-856.0,5
856,-857.0,9
857,-858.0,3
858,-859.0,3
859,-860.0,2
860,-861.0,3
861,-862.0,3
862,-863.0,4
863,-864.0,3
864,-865.0,10
865,-866.0,6
866,-867.0,5
867,-868.0,8
868,-869.0,4
869,-870.0,6
870,-871.0,6
871,-872.0,5
872,-873.0,7
873,-874.0,4
874,-875.0,4
875,-876.0,9
876,-877.0,4
877,-878.0,5
878,-879.0,4
879,-880.0,5
880,-881.0,8
881,-882.0,7
882,-883.0,6
883,-884.0,8
884,-885.0,5
885,-886.0,5
886,-887.0,7
887,-888.0,5
888,-889.0,4
889,-890.0,7
890,-891.0,8
891,-892.0,7
892,-893.0,9
893,-894.0,5
894,-895.0,7
895,-896.0,6
896,-897.0,7
897,-898.0,9
898,-899.0,6
899,-900.0,10
900,-901.0,9
901,-902.0,6
902,-903.0,4
903,-904.0,5
904,-905.0,7
905,-906.0,2
906,-907.0,4
907,-908.0,4
908,-909.0,8
909,-910.0,8
910,-911.0,9
911,-912.0,7
912,-913.0,3
913,-914.0,9
914,-915.0,7
915,-916.0,11
916,-917.0,7
917,-918.0,6
918,-919.0,3
919,-920.0,7
920,-921.0,5
921,-922.0,10
922,-923.0,8
923,-924.0,5
924,-925.0,2
925,-926.0,6
926,-927.0,6
927,-928.0,5
928,-929.0,4
929,-930.0,2
930,-931.0,3
931,-932.0,7
932,-933.0,8
933,-934.0,8
934,-935.0,8
935,-936.0,7
936,-937.0,14
937,-938.0,10
938,-939.0,5
939,-940.0,6
940,-941.0,9
941,-942.0,6
942,-943.0,4
943,-944.0,9
944,-945.0,3
945,-946.0,9
946,-947.0,4
947,-948.0,6
948,-949.0,3
949,-950.0,6
950,-951.0,8
951,-952.0,5
952,-953.0,1
953,-954.0,4
954,-955.0,4
955,-956.0,2
956,-957.0,5
957,-958.0,7
958,-959.0,2
959,-960.0,3
960,-961.0,4
961,-962.0,3
962,-963.0,5
963,-964.0,6
964,-965.0,7
965,-966.0,2
966,-967.0,4
967,-968.0,3
968,-969.0,4
969,-970.0,3
970,-971.0,6
971,-972.0,5
972,-973.0,5
973,-974.0,4
974,-975.0,10
975,-976.0,3
976,-977.0,7
977,-978.0,7
978,-979.0,5
979,-980.0,6
980,-981.0,5
981,-982.0,5
982,-983.0,3
983,-984.0,5
984,-985.0,6
985,-986.0,3
986,-987.0,4
987,-988.0,0
988,-989.0,5
989,-990.0,10
990,-991.0,4
991,-992.0,1
992,-993.0,5
993,-994.0,0
994,-995.0,3
995,-996.0,1
996,-997.0,2
997,-998.0,2
998,-999.0,5
999,-1000.0,5
1000,-1001.0,1
1001,-1002.0,7
1002,-1003.0,6
1003,-1004.0,8
1004,-1005.0,2
1005,-1006.0,1
1006,-1007.0,4
1007,-1008.0,6
1008,-1009.0,4
1009,-1010.0,8
1010,-1011.0,3
1011,-1012.0,4
1012,-1013.0,4
1013,-1014.0,4
1014,-1015.0,2
1015,-1016.0,3
1016,-1017.0,8
1017,-1018.0,8
1018,-1019.0,5
1019,-1020.0,3
1020,-1021.0,7
1021,-1022.0,5
1022,-1023.0,7
1023,-1024.0,6
1024,-1025.0,5
1025,-1026.0,9
1026,-1027.0,9
1027,-1028.0,12
1028,-1029.0,5
1029,-1030.0,3
1030,-1031.0,7
1031,-1032.0,9
1032,-1033.0,2
1033,-1034.0,8
1034,-1035.0,4
1035,-1036.0,6
1036,-1037.0,7
1037,-1038.0,5
1038,-1039.0,11
1039,-1040.0,10
1040,-1041.0,4
1041,-1042.0,7
1042,-1043.0,9
1043,-1044.0,5
1044,-1045.0,6
1045,-1046.0,6
1046,-1047.0,3
1047,-1048.0,10
1048,-1049.0,8
1049,-1050.0,12
1050,-1051.0,4
1051,-1052.0,4
1052,-1053.0,7
1053,-1054.0,5
1054,-1055.0,3
1055,-1056.0,11
1056,-1057.0,2
1057,-1058.0,2
1058,-1059.0,3
1059,-1060.0,6
1060,-1061.0,4
1061,-1062.0,6
1062,-1063.0,7
1063,-1064.0,5
1064,-1065.0,6
1065,-1066.0,5
1066,-1067.0,3
1067,-1068.0,5
1068,-1069.0,3
1069,-1070.0,4
1070,-1071.0,3
1071,-1072.0,2
1072,-1073.0,4
1073,-1074.0,8
1074,-1075.0,5
1075,-1076.0,1
1076,-1077.0,3
1077,-1078.0,3
1078,-1079.0,8
1079,-1080.0,8
1080,-1081.0,8
1081,-1082.0,11
1082,-1083.0,9
1083,-1084.0,3
1084,-1085.0,4
1085,-1086.0,3
1086,-1087.0,7
1087,-1088.0,8
1088,-1089.0,6
1089,-1090.0,2
1090,-1091.0,5
1091,-1092.0,10
1092,-1093.0,4
1093,-1094.0,5
1094,-1095.0,6
1095,-1096.0,3
1096,-1097.0,1
1097,-1098.0,7
1098,-1099.0,4
1099,-1100.0,3
1100,-1101.0,7
1101,-1102.0,5
1102,-1103.0,5
1103,-1104.0,4
1104,-1105.0,8
1105,-1106.0,4
1106,-1107.0,5
1107,-1108.0,5
1108,-1109.0,5
1109,-1110.0,3
1110,-1111.0,10
1111,-1112.0,5
1112,-1113.0,8
1113,-1114.0,5
1114,-1115.0,3
1115,-1116.0,4
1116,-1117.0,4
1117,-1118.0,5
1118,-1119.0,3
1119,-1120.0,1
1120,-1121.0,2
1121,-1122.0,4
1122,-1123.0,4
1123,-1124.0,2
1124,-1125.0,1
1125,-1126.0,1
1126,-1127.0,7
1127,-1128.0,2
1128,-1129.0,2
1129,-1130.0,3
1130,-1131.0,2
1131,-1132.0,6
1132,-1133.0,3
1133,-1134.0,1
1134,-1135.0,2
1135,-1136.0,3
1136,-1137.0,6
1137,-1138.0,4
1138,-1139.0,5
1139,-1140.0,3
1140,-1141.0,1
1141,-1142.0,4
1142,-1143.0,2
1143,-1144.0,5
1144,-1145.0,4
1145,-1146.0,7
1146,-1147.0,3
1147,-1148.0,7
1148,-1149.0,3
1149,-1150.0,4
1150,-1151.0,5
1151,-1152.0,6
1152,-1153.0,4
1153,-1154.0,8
1154,-1155.0,8
1155,-1156.0,2
1156,-1157.0,1
1157,-1158.0,2
1158,-1159.0,3
1159,-1160.0,2
1160,-1161.0,3
1161,-1162.0,4
1162,-1163.0,2
1163,-1164.0,3
1164,-1165.0,7
1165,-1166.0,2
1166,-1167.0,2
1167,-1168.0,4
1168,-1169.0,5
1169,-1170.0,6
1170,-1171.0,4
1171,-1172.0,0
1172,-1173.0,3
1173,-1174.0,3
1174,-1175.0,6
1175,-1176.0,6
1176,-1177.0,4
1177,-1178.0,2
1178,-1179.0,3
1179,-1180.0,6
1180,-1181.0,4
1181,-1182.0,1
1182,-1183.0,3
1183,-1184.0,1
1184,-1185.0,3
1185,-1186.0,0
1186,-1187.0,4
1187,-1188.0,3
1188,-1189.0,4
1189,-1190.0,3
1190,-1191.0,1
1191,-1192.0,4
1192,-1193.0,4
1193,-1194.0,2
1194,-1195.0,2
1195,-1196.0,4
1196,-1197.0,6
1197,-1198.0,4
1198,-1199.0,5
1199,-1200.0,5
1200,-1201.0,5
1201,-1202.0,3
1202,-1203.0,3
1203,-1204.0,4
1204,-1205.0,4
1205,-1206.0,8
1206,-1207.0,4
1207,-1208.0,8
1208,-1209.0,8
1209,-1210.0,3
1210,-1211.0,4
1211,-1212.0,5
1212,-1213.0,4
1213,-1214.0,1
1214,-1215.0,5
1215,-1216.0,3
1216,-1217.0,7
1217,-1218.0,3
1218,-1219.0,4
1219,-1220.0,0
1220,-1221.0,2
1221,-1222.0,7
1222,-1223.0,1
1223,-1224.0,10
1224,-1225.0,8
1225,-1226.0,6
1226,-1227.0,6
1227,-1228.0,5
1228,-1229.0,8
1229,-1230.0,4
1230,-1231.0,1
1231,-1232.0,6
1232,-1233.0,5
1233,-1234.0,10
1234,-1235.0,9
1235,-1236.0,7
1236,-1237.0,2
1237,-1238.0,7
1238,-1239.0,2
1239,-1240.0,3
1240,-1241.0,8
1241,-1242.0,1
1242,-1243.0,6
1243,-1244.0,7
1244,-1245.0,2
1245,-1246.0,5
1246,-1247.0,10
1247,-1248.0,2
1248,-1249.0,4
1249,-1250.0,2
1250,-1251.0,2
1251,-1252.0,1
1252,-1253.0,2
1253,-1254.0,2
1254,-1255.0,2
1255,-1256.0,4
1256,-1257.0,0
1257,-1258.0,3
1258,-1259.0,1
1259,-1260.0,2
1260,-1261.0,2
1261,-1262.0,2
1262,-1263.0,0
1263,-1264.0,3
1264,-1265.0,5
1265,-1266.0,4
1266,-1267.0,3
1267,-1268.0,4
1268,-1269.0,3
1269,-1270.0,3
1270,-1271.0,2
1271,-1272.0,1
1272,-1273.0,4
1273,-1274.0,3
1274,-1275.0,7
1275,-1276.0,9
1276,-1277.0,5
1277,-1278.0,6
1278,-1279.0,4
1279,-1280.0,4
1280,-1281.0,5
1281,-1282.0,4
1282,-1283.0,3
1283,-1284.0,6
1284,-1285.0,3
1285,-1286.0,4
1286,-1287.0,1
1287,-1288.0,2
1288,-1289.0,1
1289,-1290.0,5
1290,-1291.0,2
1291,-1292.0,1
1292,-1293.0,3
1293,-1294.0,7
1294,-1295.0,5
1295,-1296.0,4
1296,-1297.0,2
1297,-1298.0,0
1298,-1299.0,1
1299,-1300.0,4
1300,-1301.0,0
1301,-1302.0,2
1302,-1303.0,5
1303,-1304.0,5
1304,-1305.0,2
1305,-1306.0,2
1306,-1307.0,5
1307,-1308.0,5
1308,-1309.0,7
1309,-1310.0,3
1310,-1311.0,5
1311,-1312.0,4
1312,-1313.0,1
1313,-1314.0,1
1314,-1315.0,3
1315,-1316.0,3
1316,-1317.0,3
1317,-1318.0,4
1318,-1319.0,3
1319,-1320.0,6
1320,-1321.0,3
1321,-1322.0,1
1322,-1323.0,7
1323,-1324.0,3
1324,-1325.0,3
1325,-1326.0,3
1326,-1327.0,3
1327,-1328.0,5
1328,-1329.0,5
1329,-1330.0,4
1330,-1331.0,5
1331,-1332.0,4
1332,-1333.0,8
1333,-1334.0,3
1334,-1335.0,6
1335,-1336.0,3
1336,-1337.0,2
1337,-1338.0,1
1338,-1339.0,7
1339,-1340.0,10
1340,-1341.0,3
1341,-1342.0,3
1342,-1343.0,5
1343,-1344.0,4
1344,-1345.0,1
1345,-1346.0,8
1346,-1347.0,6
1347,-1348.0,3
1348,-1349.0,3
1349,-1350.0,1
1350,-1351.0,4
1351,-1352.0,6
1352,-1353.0,11
1353,-1354.0,1
1354,-1355.0,5
1355,-1356.0,3
1356,-1357.0,4
1357,-1358.0,5
1358,-1359.0,4
1359,-1360.0,1
1360,-1361.0,5
1361,-1362.0,5
1362,-1363.0,2
1363,-1364.0,4
1364,-1365.0,6
1365,-1366.0,5
1366,-1367.0,4
1367,-1368.0,3
1368,-1369.0,3
1369,-1370.0,4
1370,-1371.0,6
1371,-1372.0,5
1372,-1373.0,8
1373,-1374.0,11
1374,-1375.0,8
1375,-1376.0,6
1376,-1377.0,8
1377,-1378.0,4
1378,-1379.0,3
1379,-1380.0,3
1380,-1381.0,4
1381,-1382.0,2
1382,-1383.0,3
1383,-1384.0,2
1384,-1385.0,4
1385,-1386.0,6
1386,-1387.0,5
1387,-1388.0,5
1388,-1389.0,3
1389,-1390.0,5
1390,-1391.0,2
1391,-1392.0,2
1392,-1393.0,4
1393,-1394.0,7
1394,-1395.0,4
1395,-1396.0,3
1396,-1397.0,4
1397,-1398.0,4
1398,-1399.0,7
1399,-1400.0,11
1400,-1401.0,4
1401,-1402.0,4
1402,-1403.0,5
1403,-1404.0,5
1404,-1405.0,4
1405,-1406.0,5
1406,-1407.0,4
1407,-1408.0,2
1408,-1409.0,4
1409,-1410.0,2
1410,-1411.0,5
1411,-1412.0,2
1412,-1413.0,4
1413,-1414.0,5
1414,-1415.0,3
1415,-1416.0,2
1416,-1417.0,3
1417,-1418.0,1
1418,-1419.0,2
1419,-1420.0,2
1420,-1421.0,3
1421,-1422.0,0
1422,-1423.0,5
1423,-1424.0,0
1424,-1425.0,5
1425,-1426.0,3
1426,-1427.0,1
1427,-1428.0,1
1428,-1429.0,1
1429,-1430.0,4
1430,-1431.0,4
1431,-1432.0,7
1432,-1433.0,4
1433,-1434.0,0
1434,-1435.0,2
1435,-1436.0,2
1436,-1437.0,1
1437,-1438.0,0
1438,-1439.0,1
1439,-1440.0,3
1440,-1441.0,5
1441,-1442.0,2
1442,-1443.0,4
1443,-1444.0,3
1444,-1445.0,6
1445,-1446.0,1
1446,-1447.0,1
1447,-1448.0,5
1448,-1449.0,10
1449,-1450.0,4
1450,-1451.0,7
1451,-1452.0,3
1452,-1453.0,5
1453,-1454.0,4
1454,-1455.0,8
1455,-1456.0,2
1456,-1457.0,4
1457,-1458.0,3
1458,-1459.0,6
1459,-1460.0,6
1460,-1461.0,5
1461,-1462.0,9
1462,-1463.0,5
1463,-1464.0,3
1464,-1465.0,4
1465,-1466.0,3
1466,-1467.0,4
1467,-1468.0,7
1468,-1469.0,5
1469,-1470.0,4
1470,-1471.0,4
1471,-1472.0,3
1472,-1473.0,5
1473,-1474.0,3
1474,-1475.0,4
1475,-1476.0,7
1476,-1477.0,6
1477,-1478.0,6
1478,-1479.0,4
1479,-1480.0,6
1480,-1481.0,6
1481,-1482.0,3
1482,-1483.0,1
1483,-1484.0,4
1484,-1485.0,2
1485,-1486.0,6
1486,-1487.0,6
1487,-1488.0,4
1488,-1489.0,1
1489,-1490.0,3
1490,-1491.0,2
1491,-1492.0,5
1492,-1493.0,1
1493,-1494.0,3
1494,-1495.0,4
1495,-1496.0,4
1496,-1497.0,3
1497,-1498.0,3
1498,-1499.0,3
1499,-1500.0,6
1500,-1501.0,2
1501,-1502.0,0
1502,-1503.0,5
1503,-1504.0,5
1504,-1505.0,5
1505,-1506.0,5
1506,-1507.0,2
1507,-1508.0,6
1508,-1509.0,1
1509,-1510.0,2
1510,-1511.0,3
1511,-1512.0,6
1512,-1513.0,5
1513,-1514.0,6
1514,-1515.0,5
1515,-1516.0,6
1516,-1517.0,4
1517,-1518.0,7
1518,-1519.0,5
1519,-1520.0,7
1520,-1521.0,2
1521,-1522.0,3
1522,-1523.0,3
1523,-1524.0,5
1524,-1525.0,1
1525,-1526.0,5
1526,-1527.0,1
1527,-1528.0,3
1528,-1529.0,4
1529,-1530.0,0
1530,-1531.0,3
1531,-1532.0,0
1532,-1533.0,2
1533,-1534.0,5
1534,-1535.0,6
1535,-1536.0,7
1536,-1537.0,8
1537,-1538.0,5
1538,-1539.0,1
1539,-1540.0,4
1540,-1541.0,4
1541,-1542.0,2
1542,-1543.0,4
1543,-1544.0,1
1544,-1545.0,1
1545,-1546.0,4
1546,-1547.0,6
1547,-1548.0,6
1548,-1549.0,7
1549,-1550.0,4
1550,-1551.0,5
1551,-1552.0,10
1552,-1553.0,7
1553,-1554.0,8
1554,-1555.0,4
1555,-1556.0,0
1556,-1557.0,2
1557,-1558.0,1
1558,-1559.0,2
1559,-1560.0,2
1560,-1561.0,5
1561,-1562.0,3
1562,-1563.0,5
1563,-1564.0,4
1564,-1565.0,4
1565,-1566.0,5
1566,-1567.0,7
1567,-1568.0,2
1568,-1569.0,1
1569,-1570.0,4
1570,-1571.0,4
1571,-1572.0,2
1572,-1573.0,1
1573,-1574.0,3
1574,-1575.0,4
1575,-1576.0,2
1576,-1577.0,1
1577,-1578.0,3
1578,-1579.0,5
1579,-1580.0,5
1580,-1581.0,4
1581,-1582.0,2
1582,-1583.0,3
1583,-1584.0,3
1584,-1585.0,9
1585,-1586.0,6
1586,-1587.0,5
1587,-1588.0,5
1588,-1589.0,1
1589,-1590.0,6
1590,-1591.0,12
1591,-1592.0,7
1592,-1593.0,9
1593,-1594.0,4
1594,-1595.0,5
1595,-1596.0,2
1596,-1597.0,3
1597,-1598.0,2
1598,-1599.0,3
1599,-1600.0,7
1600,-1601.0,7
1601,-1602.0,7
1602,-1603.0,7
1603,-1604.0,1
1604,-1605.0,6
1605,-1606.0,5
1606,-1607.0,2
1607,-1608.0,7
1608,-1609.0,4
1609,-1610.0,4
1610,-1611.0,1
1611,-1612.0,5
1612,-1613.0,3
1613,-1614.0,5
1614,-1615.0,1
1615,-1616.0,2
1616,-1617.0,2
1617,-1618.0,3
1618,-1619.0,2
1619,-1620.0,10
1620,-1621.0,14
1621,-1622.0,9
1622,-1623.0,2
1623,-1624.0,2
1624,-1625.0,0
1625,-1626.0,4
1626,-1627.0,3
1627,-1628.0,3
1628,-1629.0,8
1629,-1630.0,4
1630,-1631.0,7
1631,-1632.0,8
1632,-1633.0,9
1633,-1634.0,4
1634,-1635.0,11
1635,-1636.0,10
1636,-1637.0,7
1637,-1638.0,3
1638,-1639.0,2
1639,-1640.0,7
1640,-1641.0,3
1641,-1642.0,5
1642,-1643.0,5
1643,-1644.0,5
1644,-1645.0,6
1645,-1646.0,2
1646,-1647.0,2
1647,-1648.0,8
1648,-1649.0,7
1649,-1650.0,4
1650,-1651.0,6
1651,-1652.0,6
1652,-1653.0,6
1653,-1654.0,3
1654,-1655.0,5
1655,-1656.0,6
1656,-1657.0,5
1657,-1658.0,4
1658,-1659.0,1
1659,-1660.0,1
1660,-1661.0,3
1661,-1662.0,3
1662,-1663.0,3
1663,-1664.0,2
1664,-1665.0,1
1665,-1666.0,4
1666,-1667.0,2
1667,-1668.0,2
1668,-1669.0,2
1669,-1670.0,2
1670,-1671.0,4
1671,-1672.0,2
1672,-1673.0,4
1673,-1674.0,2
1674,-1675.0,4
1675,-1676.0,3
1676,-1677.0,5
1677,-1678.0,4
1678,-1679.0,3
1679,-1680.0,5
1680,-1681.0,4
1681,-1682.0,7
1682,-1683.0,3
1683,-1684.0,6
1684,-1685.0,6
1685,-1686.0,1
1686,-1687.0,7
1687,-1688.0,5
1688,-1689.0,9
1689,-1690.0,6
1690,-1691.0,9
1691,-1692.0,2
1692,-1693.0,1
1693,-1694.0,4
1694,-1695.0,4
1695,-1696.0,2
1696,-1697.0,5
1697,-1698.0,5
1698,-1699.0,5
1699,-1700.0,3
1700,-1701.0,4
1701,-1702.0,2
1702,-1703.0,4
1703,-1704.0,1
1704,-1705.0,4
1705,-1706.0,4
1706,-1707.0,4
1707,-1708.0,4
1708,-1709.0,5
1709,-1710.0,5
1710,-1711.0,5
1711,-1712.0,4
1712,-1713.0,2
1713,-1714.0,5
1714,-1715.0,2
1715,-1716.0,5
1716,-1717.0,3
1717,-1718.0,1
1718,-1719.0,4
1719,-1720.0,3
1720,-1721.0,3
1721,-1722.0,7
1722,-1723.0,1
1723,-1724.0,3
1724,-1725.0,8
1725,-1726.0,8
1726,-1727.0,6
1727,-1728.0,3
1728,-1729.0,7
1729,-1730.0,4
1730,-1731.0,7
1731,-1732.0,5
1732,-1733.0,4
1733,-1734.0,5
1734,-1735.0,2
1735,-1736.0,2
1736,-1737.0,0
1737,-1738.0,1
1738,-1739.0,3
1739,-1740.0,2
1740,-1741.0,3
1741,-1742.0,2
1742,-1743.0,4
1743,-1744.0,2
1744,-1745.0,1
1745,-1746.0,2
1746,-1747.0,3
1747,-1748.0,2
1748,-1749.0,5
1749,-1750.0,2
1750,-1751.0,2
1751,-1752.0,2
1752,-1753.0,2
1753,-1754.0,1
1754,-1755.0,3
1755,-1756.0,3
1756,-1757.0,1
1757,-1758.0,2
1758,-1759.0,2
1759,-1760.0,2
1760,-1761.0,5
1761,-1762.0,3
1762,-1763.0,4
1763,-1764.0,1
1764,-1765.0,2
1765,-1766.0,2
1766,-1767.0,3
1767,-1768.0,3
1768,-1769.0,4
1769,-1770.0,2
1770,-1771.0,4
1771,-1772.0,3
1772,-1773.0,0
1773,-1774.0,1
1774,-1775.0,5
1775,-1776.0,1
1776,-1777.0,2
1777,-1778.0,2
1778,-1779.0,1
1779,-1780.0,1
1780,-1781.0,2
1781,-1782.0,1
1782,-1783.0,3
1783,-1784.0,4
1784,-1785.0,6
1785,-1786.0,2
1786,-1787.0,7
1787,-1788.0,2
1788,-1789.0,3
1789,-1790.0,3
1790,-1791.0,6
1791,-1792.0,6
1792,-1793.0,6
1793,-1794.0,4
1794,-1795.0,8
1795,-1796.0,8
1796,-1797.0,9
1797,-1798.0,3
1798,-1799.0,2
1799,-1800.0,1
1800,-1801.0,0
1801,-1802.0,0
1802,-1803.0,4
1803,-1804.0,2
1804,-1805.0,2
1805,-1806.0,2
1806,-1807.0,2
1807,-1808.0,2
1808,-1809.0,0
1809,-1810.0,4
1810,-1811.0,5
1811,-1812.0,7
1812,-1813.0,2
1813,-1814.0,2
1814,-1815.0,8
1815,-1816.0,3
1816,-1817.0,4
1817,-1818.0,4
1818,-1819.0,2
1819,-1820.0,5
1820,-1821.0,9
1821,-1822.0,5
1822,-1823.0,7
1823,-1824.0,5
1824,-1825.0,6
1825,-1826.0,6
1826,-1827.0,5
1827,-1828.0,1
1828,-1829.0,4
1829,-1830.0,4
1830,-1831.0,4
1831,-1832.0,0
1832,-1833.0,4
1833,-1834.0,4
1834,-1835.0,3
1835,-1836.0,4
1836,-1837.0,2
1837,-1838.0,1
1838,-1839.0,2
1839,-1840.0,0
1840,-1841.0,2
1841,-1842.0,2
1842,-1843.0,2
1843,-1844.0,0
1844,-1845.0,2
1845,-1846.0,0
1846,-1847.0,0
1847,-1848.0,2
1848,-1849.0,0
1849,-1850.0,1
1850,-1851.0,1
1851,-1852.0,4
1852,-1853.0,3
1853,-1854.0,0
1854,-1855.0,2
1855,-1856.0,1
1856,-1857.0,0
1857,-1858.0,4
1858,-1859.0,5
1859,-1860.0,4
1860,-1861.0,4
1861,-1862.0,5
1862,-1863.0,2
1863,-1864.0,2
1864,-1865.0,4
1865,-1866.0,3
1866,-1867.0,3
1867,-1868.0,4
1868,-1869.0,5
1869,-1870.0,2
1870,-1871.0,4
1871,-1872.0,3
1872,-1873.0,1
1873,-1874.0,4
1874,-1875.0,1
1875,-1876.0,2
1876,-1877.0,5
1877,-1878.0,1
1878,-1879.0,5
1879,-1880.0,2
1880,-1881.0,4
1881,-1882.0,6
1882,-1883.0,5
1883,-1884.0,7
1884,-1885.0,4
1885,-1886.0,2
1886,-1887.0,1
1887,-1888.0,4
1888,-1889.0,3
1889,-1890.0,3
1890,-1891.0,3
1891,-1892.0,7
1892,-1893.0,3
1893,-1894.0,2
1894,-1895.0,0
1895,-1896.0,2
1896,-1897.0,3
1897,-1898.0,3
1898,-1899.0,1
1899,-1900.0,2
1900,-1901.0,1
1901,-1902.0,3
1902,-1903.0,0
1903,-1904.0,2
1904,-1905.0,0
1905,-1906.0,0
1906,-1907.0,1
1907,-1908.0,1
1908,-1909.0,3
1909,-1910.0,3
1910,-1911.0,5
1911,-1912.0,5
1912,-1913.0,4
1913,-1914.0,5
1914,-1915.0,2
1915,-1916.0,2
1916,-1917.0,2
1917,-1918.0,0
1918,-1919.0,1
1919,-1920.0,5
1920,-1921.0,2
1921,-1922.0,8
1922,-1923.0,2
1923,-1924.0,0
1924,-1925.0,1
1925,-1926.0,3
1926,-1927.0,0
1927,-1928.0,1
1928,-1929.0,3
1929,-1930.0,2
1930,-1931.0,4
1931,-1932.0,4
1932,-1933.0,3
1933,-1934.0,1
1934,-1935.0,2
1935,-1936.0,3
1936,-1937.0,3
1937,-1938.0,5
1938,-1939.0,3
1939,-1940.0,4
1940,-1941.0,2
1941,-1942.0,0
1942,-1943.0,3
1943,-1944.0,4
1944,-1945.0,1
1945,-1946.0,1
1946,-1947.0,2
1947,-1948.0,1
1948,-1949.0,1
1949,-1950.0,4
1950,-1951.0,2
1951,-1952.0,2
1952,-1953.0,3
1953,-1954.0,4
1954,-1955.0,3
1955,-1956.0,6
1956,-1957.0,5
1957,-1958.0,6
1958,-1959.0,5
1959,-1960.0,3
1960,-1961.0,6
1961,-1962.0,3
1962,-1963.0,2
1963,-1964.0,2
1964,-1965.0,0
1965,-1966.0,3
1966,-1967.0,1
1967,-1968.0,4
1968,-1969.0,2
1969,-1970.0,0
1970,-1971.0,2
1971,-1972.0,4
1972,-1973.0,2
1973,-1974.0,3
1974,-1975.0,4
1975,-1976.0,1
1976,-1977.0,2
1977,-1978.0,0
1978,-1979.0,1
1979,-1980.0,3
1980,-1981.0,5
1981,-1982.0,2
1982,-1983.0,3
1983,-1984.0,1
1984,-1985.0,3
1985,-1986.0,7
1986,-1987.0,3
1987,-1988.0,5
1988,-1989.0,4
1989,-1990.0,0
1990,-1991.0,2
1991,-1992.0,6
1992,-1993.0,3
1993,-1994.0,6
1994,-1995.0,4
1995,-1996.0,3
1996,-1997.0,7
1997,-1998.0,7
1998,-1999.0,3
1999,-2000.0,4
2000,-2001.0,4
2001,-2002.0,3
2002,-2003.0,6
2003,-2004.0,3
2004,-2005.0,3
2005,-2006.0,7
2006,-2007.0,1
2007,-2008.0,5
2008,-2009.0,2
2009,-2010.0,2
2010,-2011.0,1
2011,-2012.0,3
2012,-2013.0,2
2013,-2014.0,5
2014,-2015.0,2
2015,-2016.0,2
2016,-2017.0,3
2017,-2018.0,3
2018,-2019.0,2
2019,-2020.0,4
2020,-2021.0,5
2021,-2022.0,4
2022,-2023.0,4
2023,-2024.0,3
2024,-2025.0,5
2025,-2026.0,2
2026,-2027.0,1
2027,-2028.0,2
2028,-2029.0,3
2029,-2030.0,9
2030,-2031.0,0
2031,-2032.0,5
2032,-2033.0,0
2033,-2034.0,7
2034,-2035.0,5
2035,-2036.0,0
2036,-2037.0,4
2037,-2038.0,4
2038,-2039.0,3
2039,-2040.0,5
2040,-2041.0,4
2041,-2042.0,5
2042,-2043.0,0
2043,-2044.0,8
2044,-2045.0,3
2045,-2046.0,4
2046,-2047.0,2
2047,-2048.0,3
2048,-2049.0,3
2049,-2050.0,4
2050,-2051.0,7
2051,-2052.0,5
2052,-2053.0,2
2053,-2054.0,0
2054,-2055.0,2
2055,-2056.0,2
2056,-2057.0,2
2057,-2058.0,4
2058,-2059.0,3
2059,-2060.0,3
2060,-2061.0,4
2061,-2062.0,0
2062,-2063.0,1
2063,-2064.0,0
2064,-2065.0,0
2065,-2066.0,1
2066,-2067.0,1
2067,-2068.0,0
2068,-2069.0,1
2069,-2070.0,3
2070,-2071.0,0
2071,-2072.0,1
2072,-2073.0,2
2073,-2074.0,2
2074,-2075.0,1
2075,-2076.0,0
2076,-2077.0,2
2077,-2078.0,4
2078,-2079.0,3
2079,-2080.0,2
2080,-2081.0,0
2081,-2082.0,1
2082,-2083.0,3
2083,-2084.0,4
2084,-2085.0,6
2085,-2086.0,3
2086,-2087.0,0
2087,-2088.0,1
2088,-2089.0,4
2089,-2090.0,5
2090,-2091.0,2
2091,-2092.0,4
2092,-2093.0,6
2093,-2094.0,3
2094,-2095.0,1
2095,-2096.0,2
2096,-2097.0,5
2097,-2098.0,4
2098,-2099.0,2
2099,-2100.0,5
2100,-2101.0,3
2101,-2102.0,3
2102,-2103.0,8
2103,-2104.0,3
2104,-2105.0,6
2105,-2106.0,5
2106,-2107.0,5
2107,-2108.0,8
2108,-2109.0,5
2109,-2110.0,3
2110,-2111.0,4
2111,-2112.0,5
2112,-2113.0,3
2113,-2114.0,3
2114,-2115.0,3
2115,-2116.0,1
2116,-2117.0,3
2117,-2118.0,4
2118,-2119.0,3
2119,-2120.0,0
2120,-2121.0,2
2121,-2122.0,0
2122,-2123.0,2
2123,-2124.0,2
2124,-2125.0,4
2125,-2126.0,0
2126,-2127.0,2
2127,-2128.0,2
2128,-2129.0,0
2129,-2130.0,3
2130,-2131.0,6
2131,-2132.0,3
2132,-2133.0,1
2133,-2134.0,3
2134,-2135.0,1
2135,-2136.0,2
2136,-2137.0,4
2137,-2138.0,2
2138,-2139.0,3
2139,-2140.0,4
2140,-2141.0,3
2141,-2142.0,1
2142,-2143.0,2
2143,-2144.0,1
2144,-2145.0,2
2145,-2146.0,3
2146,-2147.0,0
2147,-2148.0,1
2148,-2149.0,4
2149,-2150.0,3
2150,-2151.0,3
2151,-2152.0,2
2152,-2153.0,4
2153,-2154.0,1
2154,-2155.0,0
2155,-2156.0,0
2156,-2157.0,2
2157,-2158.0,0
2158,-2159.0,0
2159,-2160.0,0
2160,-2161.0,0
2161,-2162.0,2
2162,-2163.0,1
2163,-2164.0,4
2164,-2165.0,4
2165,-2166.0,1
2166,-2167.0,3
2167,-2168.0,4
2168,-2169.0,2
2169,-2170.0,2
2170,-2171.0,3
2171,-2172.0,0
2172,-2173.0,1
2173,-2174.0,0
2174,-2175.0,2
2175,-2176.0,4
2176,-2177.0,2
2177,-2178.0,4
2178,-2179.0,3
2179,-2180.0,4
2180,-2181.0,3
2181,-2182.0,2
2182,-2183.0,6
2183,-2184.0,4
2184,-2185.0,1
2185,-2186.0,2
2186,-2187.0,2
2187,-2188.0,0
2188,-2189.0,5
2189,-2190.0,0
2190,-2191.0,1
2191,-2192.0,3
2192,-2193.0,2
2193,-2194.0,1
2194,-2195.0,2
2195,-2196.0,1
2196,-2197.0,2
2197,-2198.0,0
2198,-2199.0,1
2199,-2200.0,1
2200,-2201.0,8
2201,-2202.0,2
2202,-2203.0,2
2203,-2204.0,3
2204,-2205.0,2
2205,-2206.0,1
2206,-2207.0,1
2207,-2208.0,5
2208,-2209.0,0
2209,-2210.0,5
2210,-2211.0,1
2211,-2212.0,1
2212,-2213.0,0
2213,-2214.0,3
2214,-2215.0,1
2215,-2216.0,5
2216,-2217.0,3
2217,-2218.0,0
2218,-2219.0,0
2219,-2220.0,3
2220,-2221.0,5
2221,-2222.0,0
2222,-2223.0,0
2223,-2224.0,3
2224,-2225.0,1
2225,-2226.0,2
2226,-2227.0,4
2227,-2228.0,2
2228,-2229.0,2
2229,-2230.0,2
2230,-2231.0,2
2231,-2232.0,4
2232,-2233.0,0
2233,-2234.0,3
2234,-2235.0,6
2235,-2236.0,5
2236,-2237.0,4
2237,-2238.0,1
2238,-2239.0,4
2239,-2240.0,0
2240,-2241.0,1
2241,-2242.0,1
2242,-2243.0,2
2243,-2244.0,1
2244,-2245.0,2
2245,-2246.0,4
2246,-2247.0,3
2247,-2248.0,3
2248,-2249.0,3
2249,-2250.0,0
2250,-2251.0,5
2251,-2252.0,3
2252,-2253.0,1
2253,-2254.0,4
2254,-2255.0,3
2255,-2256.0,0
2256,-2257.0,3
2257,-2258.0,1
2258,-2259.0,1
2259,-2260.0,1
2260,-2261.0,1
2261,-2262.0,1
2262,-2263.0,1
2263,-2264.0,2
2264,-2265.0,4
2265,-2266.0,4
2266,-2267.0,1
2267,-2268.0,2
2268,-2269.0,0
2269,-2270.0,2
2270,-2271.0,1
2271,-2272.0,2
2272,-2273.0,3
2273,-2274.0,2
2274,-2275.0,2
2275,-2276.0,2
2276,-2277.0,1
2277,-2278.0,1
2278,-2279.0,4
2279,-2280.0,2
2280,-2281.0,2
2281,-2282.0,2
2282,-2283.0,5
2283,-2284.0,7
2284,-2285.0,0
2285,-2286.0,2
2286,-2287.0,1
2287,-2288.0,0
2288,-2289.0,3
2289,-2290.0,0
2290,-2291.0,3
2291,-2292.0,2
2292,-2293.0,2
2293,-2294.0,1
2294,-2295.0,0
2295,-2296.0,1
2296,-2297.0,3
2297,-2298.0,0
2298,-2299.0,3
2299,-2300.0,1
2300,-2301.0,0
2301,-2302.0,1
2302,-2303.0,1
2303,-2304.0,0
2304,-2305.0,2
2305,-2306.0,2
2306,-2307.0,1
2307,-2308.0,0
2308,-2309.0,1
2309,-2310.0,0
2310,-2311.0,1
2311,-2312.0,3
2312,-2313.0,2
2313,-2314.0,3
2314,-2315.0,1
2315,-2316.0,1
2316,-2317.0,3
2317,-2318.0,1
2318,-2319.0,2
2319,-2320.0,0
2320,-2321.0,0
2321,-2322.0,0
2322,-2323.0,1
2323,-2324.0,2
2324,-2325.0,1
2325,-2326.0,0
2326,-2327.0,1
2327,-2328.0,0
2328,-2329.0,2
2329,-2330.0,0
2330,-2331.0,3
2331,-2332.0,3
2332,-2333.0,2
2333,-2334.0,1
2334,-2335.0,0
2335,-2336.0,0
2336,-2337.0,1
2337,-2338.0,0
2338,-2339.0,1
2339,-2340.0,5
2340,-2341.0,2
2341,-2342.0,2
2342,-2343.0,3
2343,-2344.0,1
2344,-2345.0,1
2345,-2346.0,1
2346,-2347.0,4
2347,-2348.0,2
2348,-2349.0,2
2349,-2350.0,2
2350,-2351.0,4
2351,-2352.0,5
2352,-2353.0,2
2353,-2354.0,1
2354,-2355.0,3
2355,-2356.0,2
2356,-2357.0,0
2357,-2358.0,2
2358,-2359.0,2
2359,-2360.0,1
2360,-2361.0,3
2361,-2362.0,1
2362,-2363.0,0
2363,-2364.0,4
2364,-2365.0,0
2365,-2366.0,0
2366,-2367.0,0
2367,-2368.0,0
2368,-2369.0,2
2369,-2370.0,1
2370,-2371.0,3
2371,-2372.0,0
2372,-2373.0,1
2373,-2374.0,0
2374,-2375.0,1
2375,-2376.0,1
2376,-2377.0,2
2377,-2378.0,2
2378,-2379.0,3
2379,-2380.0,2
2380,-2381.0,3
2381,-2382.0,2
2382,-2383.0,4
2383,-2384.0,2
2384,-2385.0,4
2385,-2386.0,3
2386,-2387.0,1
2387,-2388.0,4
2388,-2389.0,2
2389,-2390.0,2
2390,-2391.0,1
2391,-2392.0,0
2392,-2393.0,1
2393,-2394.0,0
2394,-2395.0,4
2395,-2396.0,1
2396,-2397.0,2
2397,-2398.0,3
2398,-2399.0,0
2399,-2400.0,1
2400,-2401.0,2
2401,-2402.0,1
2402,-2403.0,3
2403,-2404.0,1
2404,-2405.0,2
2405,-2406.0,2
2406,-2407.0,1
2407,-2408.0,1
2408,-2409.0,1
2409,-2410.0,2
2410,-2411.0,1
2411,-2412.0,1
2412,-2413.0,2
2413,-2414.0,0
2414,-2415.0,1
2415,-2416.0,2
2416,-2417.0,0
2417,-2418.0,2
2418,-2419.0,1
2419,-2420.0,0
2420,-2421.0,1
2421,-2422.0,0
2422,-2423.0,2
2423,-2424.0,0
2424,-2425.0,2
2425,-2426.0,1
2426,-2427.0,1
2427,-2428.0,0
2428,-2429.0,1
2429,-2430.0,0
2430,-2431.0,0
2431,-2432.0,0
2432,-2433.0,0
2433,-2434.0,0
2434,-2435.0,0
2435,-2436.0,0
2436,-2437.0,0
2437,-2438.0,0
2438,-2439.0,0
2439,-2440.0,0
2440,-2441.0,0
2441,-2442.0,3
2442,-2443.0,3
2443,-2444.0,4
2444,-2445.0,0
2445,-2446.0,0
2446,-2447.0,0
2447,-2448.0,0
2448,-2449.0,0
2449,-2450.0,0
2450,-2451.0,0
2451,-2452.0,0
2452,-2453.0,0
2453,-2454.0,2
2454,-2455.0,1
2455,-2456.0,1
2456,-2457.0,0
2457,-2458.0,1
2458,-2459.0,0
2459,-2460.0,2
2460,-2461.0,4
2461,-2462.0,0
2462,-2463.0,0
2463,-2464.0,0
2464,-2465.0,0
2465,-2466.0,0
2466,-2467.0,1
2467,-2468.0,1
2468,-2469.0,2
2469,-2470.0,1
2470,-2471.0,0
2471,-2472.0,0
2472,-2473.0,0
2473,-2474.0,2
2474,-2475.0,1
2475,-2476.0,0
2476,-2477.0,0
2477,-2478.0,1
2478,-2479.0,0
2479,-2480.0,0
2480,-2481.0,1
2481,-2482.0,1
2482,-2483.0,1
2483,-2484.0,1
2484,-2485.0,1
2485,-2486.0,1
2486,-2487.0,1
2487,-2488.0,0
2488,-2489.0,0
2489,-2490.0,1
2490,-2491.0,0
2491,-2492.0,2
2492,-2493.0,2
2493,-2494.0,2
2494,-2495.0,2
2495,-2496.0,1
2496,-2497.0,2
2497,-2498.0,4
2498,-2499.0,2
2499,-2500.0,1
2500,-2501.0,2
2501,-2502.0,2
2502,-2503.0,2
2503,-2504.0,1
2504,-2505.0,3
2505,-2506.0,2
2506,-2507.0,2
2507,-2508.0,2
2508,-2509.0,1
2509,-2510.0,1
2510,-2511.0,4
2511,-2512.0,3
2512,-2513.0,4
2513,-2514.0,5
2514,-2515.0,2
2515,-2516.0,1
2516,-2517.0,2
2517,-2518.0,5
2518,-2519.0,4
2519,-2520.0,0
2520,-2521.0,1
2521,-2522.0,3
2522,-2523.0,1
2523,-2524.0,1
2524,-2525.0,0
2525,-2526.0,1
2526,-2527.0,0
2527,-2528.0,2
2528,-2529.0,1
2529,-2530.0,0
2530,-2531.0,3
2531,-2532.0,1
2532,-2533.0,2
2533,-2534.0,0
2534,-2535.0,1
2535,-2536.0,0
2536,-2537.0,0
2537,-2538.0,1
2538,-2539.0,2
2539,-2540.0,2
2540,-2541.0,3
2541,-2542.0,2
2542,-2543.0,1
2543,-2544.0,1
2544,-2545.0,1
2545,-2546.0,0
2546,-2547.0,0
2547,-2548.0,2
2548,-2549.0,2
2549,-2550.0,1
2550,-2551.0,0
2551,-2552.0,2
2552,-2553.0,1
2553,-2554.0,0
2554,-2555.0,0
2555,-2556.0,3
2556,-2557.0,0
2557,-2558.0,0
2558,-2559.0,0
2559,-2560.0,1
2560,-2561.0,0
2561,-2562.0,2
2562,-2563.0,1
2563,-2564.0,0
2564,-2565.0,0
2565,-2566.0,0
2566,-2567.0,2
2567,-2568.0,2
2568,-2569.0,1
2569,-2570.0,1
2570,-2571.0,0
2571,-2572.0,2
2572,-2573.0,0
2573,-2574.0,1
2574,-2575.0,1
2575,-2576.0,1
2576,-2577.0,1
2577,-2578.0,2
2578,-2579.0,1
2579,-2580.0,2
2580,-2581.0,2
2581,-2582.0,2
2582,-2583.0,5
2583,-2584.0,2
2584,-2585.0,1
2585,-2586.0,2
2586,-2587.0,1
2587,-2588.0,1
2588,-2589.0,4
2589,-2590.0,1
2590,-2591.0,0
2591,-2592.0,1
2592,-2593.0,0
2593,-2594.0,0
2594,-2595.0,0
2595,-2596.0,0
2596,-2597.0,0
2597,-2598.0,0
2598,-2599.0,0
2599,-2600.0,0
2600,-2601.0,0
2601,-2602.0,3
2602,-2603.0,2
2603,-2604.0,0
2604,-2605.0,1
2605,-2606.0,0
2606,-2607.0,4
2607,-2608.0,0
2608,-2609.0,2
2609,-2610.0,1
2610,-2611.0,2
2611,-2612.0,0
2612,-2613.0,1
2613,-2614.0,0
2614,-2615.0,2
2615,-2616.0,2
2616,-2617.0,1
2617,-2618.0,2
2618,-2619.0,0
2619,-2620.0,1
2620,-2621.0,0
2621,-2622.0,0
2622,-2623.0,2
2623,-2624.0,0
2624,-2625.0,1
2625,-2626.0,2
2626,-2627.0,0
2627,-2628.0,0
2628,-2629.0,1
2629,-2630.0,3
2630,-2631.0,0
2631,-2632.0,1
2632,-2633.0,1
2633,-2634.0,1
2634,-2635.0,1
2635,-2636.0,2
2636,-2637.0,6
2637,-2638.0,1
2638,-2639.0,1
2639,-2640.0,2
2640,-2641.0,0
2641,-2642.0,0
2642,-2643.0,0
2643,-2644.0,0
2644,-2645.0,1
2645,-2646.0,0
2646,-2647.0,0
2647,-2648.0,1
2648,-2649.0,1
2649,-2650.0,3
2650,-2651.0,0
2651,-2652.0,0
2652,-2653.0,3
2653,-2654.0,0
2654,-2655.0,1
2655,-2656.0,0
2656,-2657.0,1
2657,-2658.0,0
2658,-2659.0,1
2659,-2660.0,0
2660,-2661.0,2
2661,-2662.0,4
2662,-2663.0,2
2663,-2664.0,4
2664,-2665.0,2
2665,-2666.0,3
2666,-2667.0,1
2667,-2668.0,6
2668,-2669.0,2
2669,-2670.0,2
2670,-2671.0,2
2671,-2672.0,2
2672,-2673.0,1
2673,-2674.0,0
2674,-2675.0,4
2675,-2676.0,2
2676,-2677.0,1
2677,-2678.0,1
2678,-2679.0,0
2679,-2680.0,0
2680,-2681.0,0
2681,-2682.0,0
2682,-2683.0,0
2683,-2684.0,2
2684,-2685.0,0
2685,-2686.0,3
2686,-2687.0,3
2687,-2688.0,2
2688,-2689.0,0
2689,-2690.0,1
2690,-2691.0,2
2691,-2692.0,2
2692,-2693.0,2
2693,-2694.0,0
2694,-2695.0,0
2695,-2696.0,0
2696,-2697.0,2
2697,-2698.0,0
2698,-2699.0,2
2699,-2700.0,0
2700,-2701.0,4
2701,-2702.0,1
2702,-2703.0,0
2703,-2704.0,1
2704,-2705.0,0
2705,-2706.0,0
2706,-2707.0,0
2707,-2708.0,0
2708,-2709.0,0
2709,-2710.0,0
2710,-2711.0,1
2711,-2712.0,2
2712,-2713.0,3
2713,-2714.0,3
2714,-2715.0,3
2715,-2716.0,3
2716,-2717.0,0
2717,-2718.0,1
2718,-2719.0,2
2719,-2720.0,0
2720,-2721.0,0
2721,-2722.0,0
2722,-2723.0,0
2723,-2724.0,1
2724,-2725.0,1
2725,-2726.0,0
2726,-2727.0,0
2727,-2728.0,1
2728,-2729.0,1
2729,-2730.0,1
2730,-2731.0,3
2731,-2732.0,0
2732,-2733.0,1
2733,-2734.0,2
2734,-2735.0,3
2735,-2736.0,1
2736,-2737.0,2
2737,-2738.0,3
2738,-2739.0,1
2739,-2740.0,1
2740,-2741.0,1
2741,-2742.0,2
2742,-2743.0,3
2743,-2744.0,4
2744,-2745.0,1
2745,-2746.0,2
2746,-2747.0,0
2747,-2748.0,2
2748,-2749.0,2
2749,-2750.0,0
2750,-2751.0,0
2751,-2752.0,1
2752,-2753.0,2
2753,-2754.0,2
2754,-2755.0,0
2755,-2756.0,0
2756,-2757.0,0
2757,-2758.0,1
2758,-2759.0,0
2759,-2760.0,2
2760,-2761.0,2
2761,-2762.0,2
2762,-2763.0,4
2763,-2764.0,2
2764,-2765.0,0
2765,-2766.0,1
2766,-2767.0,2
2767,-2768.0,2
2768,-2769.0,0
2769,-2770.0,2
2770,-2771.0,3
2771,-2772.0,1
2772,-2773.0,0
2773,-2774.0,1
2774,-2775.0,0
2775,-2776.0,0
2776,-2777.0,0
2777,-2778.0,0
2778,-2779.0,0
2779,-2780.0,0
2780,-2781.0,2
2781,-2782.0,1
2782,-2783.0,0
2783,-2784.0,0
2784,-2785.0,0
2785,-2786.0,0
2786,-2787.0,0
2787,-2788.0,0
2788,-2789.0,0
2789,-2790.0,0
2790,-2791.0,1
2791,-2792.0,1
2792,-2793.0,0
2793,-2794.0,0
2794,-2795.0,0
2795,-2796.0,2
2796,-2797.0,1
2797,-2798.0,3
2798,-2799.0,2
2799,-2800.0,2
2800,-2801.0,3
2801,-2802.0,1
2802,-2803.0,4
2803,-2804.0,2
2804,-2805.0,0
2805,-2806.0,3
2806,-2807.0,7
2807,-2808.0,2
2808,-2809.0,3
2809,-2810.0,4
2810,-2811.0,2
2811,-2812.0,3
2812,-2813.0,2
2813,-2814.0,2
2814,-2815.0,3
2815,-2816.0,0
2816,-2817.0,1
2817,-2818.0,2
2818,-2819.0,0
2819,-2820.0,1
2820,-2821.0,0
2821,-2822.0,0
2822,-2823.0,1
2823,-2824.0,1
2824,-2825.0,5
2825,-2826.0,1
2826,-2827.0,3
2827,-2828.0,2
2828,-2829.0,1
2829,-2830.0,2
2830,-2831.0,1
2831,-2832.0,1
2832,-2833.0,1
2833,-2834.0,3
2834,-2835.0,4
2835,-2836.0,2
2836,-2837.0,2
2837,-2838.0,3
2838,-2839.0,7
2839,-2840.0,2
2840,-2841.0,5
2841,-2842.0,2
2842,-2843.0,3
2843,-2844.0,4
2844,-2845.0,10
2845,-2846.0,3
2846,-2847.0,2
2847,-2848.0,4
2848,-2849.0,1
2849,-2850.0,0
2850,-2851.0,4
2851,-2852.0,3
2852,-2853.0,3
2853,-2854.0,3
2854,-2855.0,1
2855,-2856.0,2
2856,-2857.0,2
2857,-2858.0,2
2858,-2859.0,5
2859,-2860.0,6
2860,-2861.0,3
2861,-2862.0,0
2862,-2863.0,1
2863,-2864.0,1
2864,-2865.0,4
2865,-2866.0,0
2866,-2867.0,2
2867,-2868.0,1
2868,-2869.0,5
2869,-2870.0,2
2870,-2871.0,2
2871,-2872.0,2
2872,-2873.0,2
2873,-2874.0,2
2874,-2875.0,2
2875,-2876.0,4
2876,-2877.0,4
2877,-2878.0,5
2878,-2879.0,3
2879,-2880.0,2
2880,-2881.0,0
2881,-2882.0,4
2882,-2883.0,3
2883,-2884.0,4
2884,-2885.0,4
2885,-2886.0,4
2886,-2887.0,1
2887,-2888.0,0
2888,-2889.0,2
2889,-2890.0,2
2890,-2891.0,5
2891,-2892.0,2
2892,-2893.0,4
2893,-2894.0,4
2894,-2895.0,4
2895,-2896.0,2
2896,-2897.0,3
2897,-2898.0,4
2898,-2899.0,3
2899,-2900.0,1
2900,-2901.0,3
2901,-2902.0,4
2902,-2903.0,3
2903,-2904.0,2
2904,-2905.0,5
2905,-2906.0,2
2906,-2907.0,1
2907,-2908.0,4
2908,-2909.0,3
2909,-2910.0,3
2910,-2911.0,3
2911,-2912.0,2
2912,-2913.0,2
2913,-2914.0,0
2914,-2915.0,3
2915,-2916.0,2
2916,-2917.0,4
2917,-2918.0,1
2918,-2919.0,3
2919,-2920.0,2
2920,-2921.0,3
2921,-2922.0,2
2922,-2923.0,2
2923,-2924.0,3
2924,-2925.0,2
2925,-2926.0,2
2926,-2927.0,1
2927,-2928.0,6
2928,-2929.0,6
2929,-2930.0,3
2930,-2931.0,1
2931,-2932.0,0
2932,-2933.0,2
2933,-2934.0,2
2934,-2935.0,2
2935,-2936.0,1
2936,-2937.0,1
2937,-2938.0,3
2938,-2939.0,2
2939,-2940.0,3
2940,-2941.0,2
2941,-2942.0,0
2942,-2943.0,5
2943,-2944.0,4
2944,-2945.0,3
2945,-2946.0,4
2946,-2947.0,1
2947,-2948.0,3
2948,-2949.0,2
2949,-2950.0,3
2950,-2951.0,2
2951,-2952.0,1
2952,-2953.0,3
2953,-2954.0,2
2954,-2955.0,2
2955,-2956.0,2
2956,-2957.0,1
2957,-2958.0,5
2958,-2959.0,2
2959,-2960.0,7
2960,-2961.0,1
2961,-2962.0,3
2962,-2963.0,3
2963,-2964.0,4
2964,-2965.0,2
2965,-2966.0,3
2966,-2967.0,2
2967,-2968.0,2
2968,-2969.0,1
2969,-2970.0,0
2970,-2971.0,1
2971,-2972.0,1
2972,-2973.0,1
2973,-2974.0,3
2974,-2975.0,1
2975,-2976.0,0
2976,-2977.0,3
2977,-2978.0,1
2978,-2979.0,0
2979,-2980.0,2
2980,-2981.0,0
2981,-2982.0,4
2982,-2983.0,2
2983,-2984.0,1
2984,-2985.0,1
2985,-2986.0,2
2986,-2987.0,1
2987,-2988.0,1
2988,-2989.0,2
2989,-2990.0,2
2990,-2991.0,2
2991,-2992.0,1
2992,-2993.0,3
2993,-2994.0,5
2994,-2995.0,3
2995,-2996.0,3
2996,-2997.0,0
2997,-2998.0,3
2998,-2999.0,3
2999,-3000.0,1
3000,-3001.0,1
3001,-3002.0,2
3002,-3003.0,2
3003,-3004.0,1
3004,-3005.0,1
3005,-3006.0,0
3006,-3007.0,2
3007,-3008.0,2
3008,-3009.0,2
3009,-3010.0,0
3010,-3011.0,2
3011,-3012.0,1
3012,-3013.0,2
3013,-3014.0,3
3014,-3015.0,4
3015,-3016.0,1
3016,-3017.0,1
3017,-3018.0,0
3018,-3019.0,0
3019,-3020.0,1
3020,-3021.0,4
3021,-3022.0,3
3022,-3023.0,4
3023,-3024.0,2
3024,-3025.0,1
3025,-3026.0,3
3026,-3027.0,2
3027,-3028.0,4
3028,-3029.0,5
3029,-3030.0,6
3030,-3031.0,6
3031,-3032.0,6
3032,-3033.0,3
3033,-3034.0,2
3034,-3035.0,5
3035,-3036.0,2
3036,-3037.0,3
3037,-3038.0,4
3038,-3039.0,2
3039,-3040.0,0
3040,-3041.0,2
3041,-3042.0,7
3042,-3043.0,3
3043,-3044.0,5
3044,-3045.0,3
3045,-3046.0,2
3046,-3047.0,4
3047,-3048.0,0
3048,-3049.0,4
3049,-3050.0,4
3050,-3051.0,4
3051,-3052.0,3
3052,-3053.0,1
3053,-3054.0,0
3054,-3055.0,3
3055,-3056.0,0
3056,-3057.0,1
3057,-3058.0,0
3058,-3059.0,2
3059,-3060.0,0
3060,-3061.0,3
3061,-3062.0,3
3062,-3063.0,2
3063,-3064.0,0
3064,-3065.0,3
3065,-3066.0,1
3066,-3067.0,0
3067,-3068.0,0
3068,-3069.0,1
3069,-3070.0,2
3070,-3071.0,1
3071,-3072.0,3
3072,-3073.0,2
3073,-3074.0,1
3074,-3075.0,4
3075,-3076.0,0
3076,-3077.0,2
3077,-3078.0,0
3078,-3079.0,0
3079,-3080.0,1
3080,-3081.0,0
3081,-3082.0,2
3082,-3083.0,2
3083,-3084.0,4
3084,-3085.0,2
3085,-3086.0,3
3086,-3087.0,2
3087,-3088.0,6
3088,-3089.0,2
3089,-3090.0,4
3090,-3091.0,1
3091,-3092.0,5
3092,-3093.0,4
3093,-3094.0,2
3094,-3095.0,4
3095,-3096.0,0
3096,-3097.0,4
3097,-3098.0,5
3098,-3099.0,4
3099,-3100.0,2
3100,-3101.0,1
3101,-3102.0,3
3102,-3103.0,2
3103,-3104.0,6
3104,-3105.0,3
3105,-3106.0,4
3106,-3107.0,5
3107,-3108.0,3
3108,-3109.0,4
3109,-3110.0,6
3110,-3111.0,5
3111,-3112.0,2
3112,-3113.0,10
3113,-3114.0,6
3114,-3115.0,2
3115,-3116.0,6
3116,-3117.0,9
3117,-3118.0,3
3118,-3119.0,3
3119,-3120.0,6
3120,-3121.0,3
3121,-3122.0,4
3122,-3123.0,5
3123,-3124.0,4
3124,-3125.0,0
3125,-3126.0,5
3126,-3127.0,7
3127,-3128.0,2
3128,-3129.0,2
3129,-3130.0,3
3130,-3131.0,1
3131,-3132.0,8
3132,-3133.0,1
3133,-3134.0,0
3134,-3135.0,0
3135,-3136.0,3
3136,-3137.0,2
3137,-3138.0,0
3138,-3139.0,3
3139,-3140.0,3
3140,-3141.0,4
3141,-3142.0,1
3142,-3143.0,1
3143,-3144.0,0
3144,-3145.0,3
3145,-3146.0,2
3146,-3147.0,2
3147,-3148.0,2
3148,-3149.0,1
3149,-3150.0,0
3150,-3151.0,0
3151,-3152.0,3
3152,-3153.0,2
3153,-3154.0,0
3154,-3155.0,3
3155,-3156.0,2
3156,-3157.0,6
3157,-3158.0,4
3158,-3159.0,4
3159,-3160.0,3
3160,-3161.0,5
3161,-3162.0,5
3162,-3163.0,4
3163,-3164.0,5
3164,-3165.0,3
3165,-3166.0,4
3166,-3167.0,0
3167,-3168.0,1
3168,-3169.0,1
3169,-3170.0,2
3170,-3171.0,5
3171,-3172.0,0
3172,-3173.0,2
3173,-3174.0,1
3174,-3175.0,2
3175,-3176.0,1
3176,-3177.0,3
3177,-3178.0,3
3178,-3179.0,1
3179,-3180.0,1
3180,-3181.0,0
3181,-3182.0,2
3182,-3183.0,1
3183,-3184.0,1
3184,-3185.0,0
3185,-3186.0,0
3186,-3187.0,2
3187,-3188.0,1
3188,-3189.0,1
3189,-3190.0,0
3190,-3191.0,0
3191,-3192.0,1
3192,-3193.0,3
3193,-3194.0,1
3194,-3195.0,1
3195,-3196.0,0
3196,-3197.0,1
3197,-3198.0,0
3198,-3199.0,0
3199,-3200.0,2
3200,-3201.0,4
3201,-3202.0,5
3202,-3203.0,4
3203,-3204.0,3
3204,-3205.0,6
3205,-3206.0,3
3206,-3207.0,3
3207,-3208.0,1
3208,-3209.0,1
3209,-3210.0,3
3210,-3211.0,3
3211,-3212.0,3
3212,-3213.0,0
3213,-3214.0,1
3214,-3215.0,0
3215,-3216.0,1
3216,-3217.0,0
3217,-3218.0,3
3218,-3219.0,2
3219,-3220.0,3
3220,-3221.0,2
3221,-3222.0,1
3222,-3223.0,1
3223,-3224.0,1
3224,-3225.0,3
3225,-3226.0,0
3226,-3227.0,1
3227,-3228.0,1
3228,-3229.0,2
3229,-3230.0,3
3230,-3231.0,0
3231,-3232.0,0
3232,-3233.0,1
3233,-3234.0,0
3234,-3235.0,0
3235,-3236.0,0
3236,-3237.0,1
3237,-3238.0,1
3238,-3239.0,0
3239,-3240.0,2
3240,-3241.0,1
3241,-3242.0,3
3242,-3243.0,1
3243,-3244.0,0
3244,-3245.0,2
3245,-3246.0,0
3246,-3247.0,0
3247,-3248.0,0
3248,-3249.0,0
3249,-3250.0,1
3250,-3251.0,1
3251,-3252.0,0
3252,-3253.0,1
3253,-3254.0,1
3254,-3255.0,0
3255,-3256.0,2
3256,-3257.0,0
3257,-3258.0,2
3258,-3259.0,3
3259,-3260.0,2
3260,-3261.0,0
3261,-3262.0,4
3262,-3263.0,1
3263,-3264.0,1
3264,-3265.0,0
3265,-3266.0,4
3266,-3267.0,5
3267,-3268.0,0
3268,-3269.0,0
3269,-3270.0,0
3270,-3271.0,3
3271,-3272.0,1
3272,-3273.0,7
3273,-3274.0,2
3274,-3275.0,1
3275,-3276.0,4
3276,-3277.0,4
3277,-3278.0,3
3278,-3279.0,4
3279,-3280.0,4
3280,-3281.0,3
3281,-3282.0,3
3282,-3283.0,2
3283,-3284.0,2
3284,-3285.0,1
3285,-3286.0,2
3286,-3287.0,1
3287,-3288.0,2
3288,-3289.0,2
3289,-3290.0,2
3290,-3291.0,2
3291,-3292.0,0
3292,-3293.0,1
3293,-3294.0,1
3294,-3295.0,1
3295,-3296.0,3
3296,-3297.0,1
3297,-3298.0,0
3298,-3299.0,0
3299,-3300.0,0
3300,-3301.0,0
3301,-3302.0,0
3302,-3303.0,1
3303,-3304.0,1
3304,-3305.0,2
3305,-3306.0,1
3306,-3307.0,0
3307,-3308.0,2
3308,-3309.0,1
3309,-3310.0,0
3310,-3311.0,0
3311,-3312.0,1
3312,-3313.0,1
3313,-3314.0,1
3314,-3315.0,2
3315,-3316.0,0
3316,-3317.0,2
3317,-3318.0,1
3318,-3319.0,1
3319,-3320.0,2
3320,-3321.0,2
3321,-3322.0,1
3322,-3323.0,1
3323,-3324.0,0
3324,-3325.0,2
3325,-3326.0,1
3326,-3327.0,3
3327,-3328.0,2
3328,-3329.0,1
3329,-3330.0,4
3330,-3331.0,1
3331,-3332.0,2
3332,-3333.0,3
3333,-3334.0,0
3334,-3335.0,1
3335,-3336.0,0
3336,-3337.0,2
3337,-3338.0,0
3338,-3339.0,2
3339,-3340.0,1
3340,-3341.0,3
3341,-3342.0,5
3342,-3343.0,4
3343,-3344.0,0
3344,-3345.0,1
3345,-3346.0,0
3346,-3347.0,1
3347,-3348.0,0
3348,-3349.0,1
3349,-3350.0,0
3350,-3351.0,1
3351,-3352.0,1
3352,-3353.0,2
3353,-3354.0,1
3354,-3355.0,2
3355,-3356.0,1
3356,-3357.0,1
3357,-3358.0,2
3358,-3359.0,1
3359,-3360.0,1
3360,-3361.0,1
3361,-3362.0,2
3362,-3363.0,3
3363,-3364.0,5
3364,-3365.0,1
3365,-3366.0,1
3366,-3367.0,0
3367,-3368.0,0
3368,-3369.0,1
3369,-3370.0,0
3370,-3371.0,1
3371,-3372.0,3
3372,-3373.0,2
3373,-3374.0,3
3374,-3375.0,4
3375,-3376.0,1
3376,-3377.0,2
3377,-3378.0,0
3378,-3379.0,2
3379,-3380.0,0
3380,-3381.0,1
3381,-3382.0,1
3382,-3383.0,0
3383,-3384.0,1
3384,-3385.0,1
3385,-3386.0,4
3386,-3387.0,2
3387,-3388.0,2
3388,-3389.0,5
3389,-3390.0,3
3390,-3391.0,3
3391,-3392.0,3
3392,-3393.0,2
3393,-3394.0,0
3394,-3395.0,0
3395,-3396.0,0
3396,-3397.0,0
3397,-3398.0,2
3398,-3399.0,0
3399,-3400.0,1
3400,-3401.0,0
3401,-3402.0,0
3402,-3403.0,0
3403,-3404.0,2
3404,-3405.0,0
3405,-3406.0,3
3406,-3407.0,2
3407,-3408.0,2
3408,-3409.0,3
3409,-3410.0,3
3410,-3411.0,1
3411,-3412.0,3
3412,-3413.0,6
3413,-3414.0,0
3414,-3415.0,5
3415,-3416.0,1
3416,-3417.0,2
3417,-3418.0,2
3418,-3419.0,2
3419,-3420.0,3
3420,-3421.0,2
3421,-3422.0,0
3422,-3423.0,1
3423,-3424.0,0
3424,-3425.0,2
3425,-3426.0,2
3426,-3427.0,3
3427,-3428.0,0
3428,-3429.0,0
3429,-3430.0,0
3430,-3431.0,4
3431,-3432.0,0
3432,-3433.0,1
3433,-3434.0,3
3434,-3435.0,2
3435,-3436.0,1
3436,-3437.0,1
3437,-3438.0,2
3438,-3439.0,2
3439,-3440.0,1
3440,-3441.0,2
3441,-3442.0,1
3442,-3443.0,2
3443,-3444.0,5
3444,-3445.0,1
3445,-3446.0,2
3446,-3447.0,1
3447,-3448.0,4
3448,-3449.0,0
3449,-3450.0,7
3450,-3451.0,1
3451,-3452.0,2
3452,-3453.0,3
3453,-3454.0,3
3454,-3455.0,2
3455,-3456.0,3
3456,-3457.0,0
3457,-3458.0,1
3458,-3459.0,1
3459,-3460.0,1
3460,-3461.0,2
3461,-3462.0,0
3462,-3463.0,0
3463,-3464.0,1
3464,-3465.0,2
3465,-3466.0,2
3466,-3467.0,2
3467,-3468.0,2
3468,-3469.0,1
3469,-3470.0,2
3470,-3471.0,2
3471,-3472.0,1
3472,-3473.0,1
3473,-3474.0,0
3474,-3475.0,1
3475,-3476.0,1
3476,-3477.0,5
3477,-3478.0,0
3478,-3479.0,1
3479,-3480.0,1
3480,-3481.0,2
3481,-3482.0,2
3482,-3483.0,1
3483,-3484.0,1
3484,-3485.0,1
3485,-3486.0,1
3486,-3487.0,0
3487,-3488.0,1
3488,-3489.0,2
3489,-3490.0,1
3490,-3491.0,3
3491,-3492.0,2
3492,-3493.0,3
3493,-3494.0,4
3494,-3495.0,2
3495,-3496.0,3
3496,-3497.0,2
3497,-3498.0,2
3498,-3499.0,0
3499,-3500.0,2
3500,-3501.0,3
3501,-3502.0,0
3502,-3503.0,2
3503,-3504.0,3
3504,-3505.0,4
3505,-3506.0,0
3506,-3507.0,1
3507,-3508.0,2
3508,-3509.0,1
3509,-3510.0,1
3510,-3511.0,0
3511,-3512.0,0
3512,-3513.0,3
3513,-3514.0,2
3514,-3515.0,5
3515,-3516.0,3
3516,-3517.0,1
3517,-3518.0,0
3518,-3519.0,1
3519,-3520.0,1
3520,-3521.0,2
3521,-3522.0,0
3522,-3523.0,0
3523,-3524.0,0
3524,-3525.0,0
3525,-3526.0,0
3526,-3527.0,1
3527,-3528.0,1
3528,-3529.0,0
3529,-3530.0,0
3530,-3531.0,1
3531,-3532.0,3
3532,-3533.0,0
3533,-3534.0,1
3534,-3535.0,1
3535,-3536.0,1
3536,-3537.0,1
3537,-3538.0,1
3538,-3539.0,0
3539,-3540.0,1
3540,-3541.0,0
3541,-3542.0,3
3542,-3543.0,0
3543,-3544.0,1
3544,-3545.0,0
3545,-3546.0,0
3546,-3547.0,0
3547,-3548.0,0
3548,-3549.0,1
3549,-3550.0,1
3550,-3551.0,1
3551,-3552.0,0
3552,-3553.0,2
3553,-3554.0,2
3554,-3555.0,1
3555,-3556.0,2
3556,-3557.0,0
3557,-3558.0,0
3558,-3559.0,2
3559,-3560.0,1
3560,-3561.0,0
3561,-3562.0,0
3562,-3563.0,0
3563,-3564.0,3
3564,-3565.0,0
3565,-3566.0,1
3566,-3567.0,1
3567,-3568.0,0
3568,-3569.0,0
3569,-3570.0,0
3570,-3571.0,0
3571,-3572.0,0
3572,-3573.0,1
3573,-3574.0,2
3574,-3575.0,0
3575,-3576.0,1
3576,-3577.0,1
3577,-3578.0,0
3578,-3579.0,0
3579,-3580.0,1
3580,-3581.0,0
3581,-3582.0,1
3582,-3583.0,0
3583,-3584.0,0
3584,-3585.0,0
3585,-3586.0,1
3586,-3587.0,0
3587,-3588.0,0
3588,-3589.0,0
3589,-3590.0,0
3590,-3591.0,1
3591,-3592.0,0
3592,-3593.0,0
3593,-3594.0,0
3594,-3595.0,1
3595,-3596.0,0
3596,-3597.0,0
3597,-3598.0,2
3598,-3599.0,0
3599,-3600.0,1
3600,-3601.0,1
3601,-3602.0,1
3602,-3603.0,1
3603,-3604.0,1
3604,-3605.0,1
3605,-3606.0,1
3606,-3607.0,0
3607,-3608.0,1
3608,-3609.0,1
3609,-3610.0,5
3610,-3611.0,2
3611,-3612.0,3
3612,-3613.0,1
3613,-3614.0,1
3614,-3615.0,1
3615,-3616.0,1
3616,-3617.0,1
3617,-3618.0,0
3618,-3619.0,0
3619,-3620.0,1
3620,-3621.0,0
3621,-3622.0,3
3622,-3623.0,3
3623,-3624.0,0
3624,-3625.0,2
3625,-3626.0,4
3626,-3627.0,2
3627,-3628.0,0
3628,-3629.0,2
3629,-3630.0,3
3630,-3631.0,1
3631,-3632.0,0
3632,-3633.0,1
3633,-3634.0,1
3634,-3635.0,3
3635,-3636.0,0
3636,-3637.0,0
3637,-3638.0,0
3638,-3639.0,0
3639,-3640.0,0
3640,-3641.0,0
3641,-3642.0,0
3642,-3643.0,0
3643,-3644.0,1
3644,-3645.0,1
3645,-3646.0,0
3646,-3647.0,0
3647,-3648.0,0
3648,-3649.0,2
3649,-3650.0,1
3650,-3651.0,0
3651,-3652.0,2
3652,-3653.0,2
3653,-3654.0,0
3654,-3655.0,2
3655,-3656.0,3
3656,-3657.0,2
3657,-3658.0,4
3658,-3659.0,2
3659,-3660.0,4
3660,-3661.0,4
3661,-3662.0,1
3662,-3663.0,0
3663,-3664.0,1
3664,-3665.0,2
3665,-3666.0,0
3666,-3667.0,0
3667,-3668.0,1
3668,-3669.0,1
3669,-3670.0,2
3670,-3671.0,1
3671,-3672.0,1
3672,-3673.0,0
3673,-3674.0,0
3674,-3675.0,1
3675,-3676.0,0
3676,-3677.0,1
3677,-3678.0,1
3678,-3679.0,0
3679,-3680.0,0
3680,-3681.0,1
3681,-3682.0,1
3682,-3683.0,0
3683,-3684.0,1
3684,-3685.0,1
3685,-3686.0,2
3686,-3687.0,0
3687,-3688.0,1
3688,-3689.0,0
3689,-3690.0,0
3690,-3691.0,1
3691,-3692.0,0
3692,-3693.0,2
3693,-3694.0,0
3694,-3695.0,0
3695,-3696.0,1
3696,-3697.0,1
3697,-3698.0,0
3698,-3699.0,0
3699,-3700.0,0
3700,-3701.0,0
3701,-3702.0,0
3702,-3703.0,2
3703,-3704.0,2
3704,-3705.0,1
3705,-3706.0,0
3706,-3707.0,0
3707,-3708.0,0
3708,-3709.0,0
3709,-3710.0,0
3710,-3711.0,1
3711,-3712.0,0
3712,-3713.0,1
3713,-3714.0,2
3714,-3715.0,2
3715,-3716.0,3
3716,-3717.0,1
3717,-3718.0,2
3718,-3719.0,4
3719,-3720.0,2
3720,-3721.0,2
3721,-3722.0,2
3722,-3723.0,0
3723,-3724.0,1
3724,-3725.0,1
3725,-3726.0,6
3726,-3727.0,4
3727,-3728.0,2
3728,-3729.0,2
3729,-3730.0,1
3730,-3731.0,3
3731,-3732.0,0
3732,-3733.0,0
3733,-3734.0,1
3734,-3735.0,1
3735,-3736.0,1
3736,-3737.0,0
3737,-3738.0,0
3738,-3739.0,0
3739,-3740.0,1
3740,-3741.0,0
3741,-3742.0,0
3742,-3743.0,0
3743,-3744.0,0
3744,-3745.0,0
3745,-3746.0,0
3746,-3747.0,1
3747,-3748.0,0
3748,-3749.0,0
3749,-3750.0,0
3750,-3751.0,1
3751,-3752.0,0
3752,-3753.0,2
3753,-3754.0,0
3754,-3755.0,1
3755,-3756.0,4
3756,-3757.0,1
3757,-3758.0,1
3758,-3759.0,1
3759,-3760.0,0
3760,-3761.0,0
3761,-3762.0,0
3762,-3763.0,1
3763,-3764.0,1
3764,-3765.0,2
3765,-3766.0,3
3766,-3767.0,1
3767,-3768.0,2
3768,-3769.0,2
3769,-3770.0,4
3770,-3771.0,2
3771,-3772.0,0
3772,-3773.0,2
3773,-3774.0,0
3774,-3775.0,1
3775,-3776.0,0
3776,-3777.0,3
3777,-3778.0,1
3778,-3779.0,1
3779,-3780.0,0
3780,-3781.0,1
3781,-3782.0,0
3782,-3783.0,0
3783,-3784.0,0
3784,-3785.0,2
3785,-3786.0,3
3786,-3787.0,0
3787,-3788.0,0
3788,-3789.0,1
3789,-3790.0,0
3790,-3791.0,0
3791,-3792.0,2
3792,-3793.0,1
3793,-3794.0,2
3794,-3795.0,0
3795,-3796.0,2
3796,-3797.0,0
3797,-3798.0,2
3798,-3799.0,2
3799,-3800.0,0
3800,-3801.0,1
3801,-3802.0,2
3802,-3803.0,0
3803,-3804.0,2
3804,-3805.0,0
3805,-3806.0,0
3806,-3807.0,0
3807,-3808.0,2
3808,-3809.0,0
3809,-3810.0,1
3810,-3811.0,0
3811,-3812.0,0
3812,-3813.0,0
3813,-3814.0,1
3814,-3815.0,2
3815,-3816.0,3
3816,-3817.0,2
3817,-3818.0,2
3818,-3819.0,2
3819,-3820.0,1
3820,-3821.0,3
3821,-3822.0,3
3822,-3823.0,1
3823,-3824.0,1
3824,-3825.0,4
3825,-3826.0,0
3826,-3827.0,1
3827,-3828.0,4
3828,-3829.0,5
3829,-3830.0,1
3830,-3831.0,3
3831,-3832.0,3
3832,-3833.0,4
3833,-3834.0,2
3834,-3835.0,3
3835,-3836.0,3
3836,-3837.0,1
3837,-3838.0,1
3838,-3839.0,1
3839,-3840.0,1
3840,-3841.0,1
3841,-3842.0,0
3842,-3843.0,2
3843,-3844.0,1
3844,-3845.0,0
3845,-3846.0,2
3846,-3847.0,1
3847,-3848.0,1
3848,-3849.0,2
3849,-3850.0,0
3850,-3851.0,1
3851,-3852.0,2
3852,-3853.0,1
3853,-3854.0,1
3854,-3855.0,1
3855,-3856.0,3
3856,-3857.0,1
3857,-3858.0,1
3858,-3859.0,3
3859,-3860.0,3
3860,-3861.0,1
3861,-3862.0,3
3862,-3863.0,1
3863,-3864.0,0
3864,-3865.0,1
3865,-3866.0,5
3866,-3867.0,2
3867,-3868.0,1
3868,-3869.0,1
3869,-3870.0,2
3870,-3871.0,1
3871,-3872.0,1
3872,-3873.0,2
3873,-3874.0,1
3874,-3875.0,7
3875,-3876.0,3
3876,-3877.0,6
3877,-3878.0,0
3878,-3879.0,0
3879,-3880.0,1
3880,-3881.0,0
3881,-3882.0,1
3882,-3883.0,0
3883,-3884.0,0
3884,-3885.0,4
3885,-3886.0,2
3886,-3887.0,0
3887,-3888.0,2
3888,-3889.0,0
3889,-3890.0,1
3890,-3891.0,0
3891,-3892.0,1
3892,-3893.0,0
3893,-3894.0,0
3894,-3895.0,1
3895,-3896.0,2
3896,-3897.0,3
3897,-3898.0,2
3898,-3899.0,4
3899,-3900.0,3
3900,-3901.0,3
3901,-3902.0,0
3902,-3903.0,3
3903,-3904.0,0
3904,-3905.0,0
3905,-3906.0,2
3906,-3907.0,0
3907,-3908.0,0
3908,-3909.0,0
3909,-3910.0,0
3910,-3911.0,3
3911,-3912.0,2
3912,-3913.0,1
3913,-3914.0,0
3914,-3915.0,2
3915,-3916.0,2
3916,-3917.0,1
3917,-3918.0,0
3918,-3919.0,0
3919,-3920.0,0
3920,-3921.0,1
3921,-3922.0,2
3922,-3923.0,1
3923,-3924.0,2
3924,-3925.0,1
3925,-3926.0,0
3926,-3927.0,0
3927,-3928.0,0
3928,-3929.0,0
3929,-3930.0,0
3930,-3931.0,0
3931,-3932.0,0
3932,-3933.0,1
3933,-3934.0,0
3934,-3935.0,0
3935,-3936.0,0
3936,-3937.0,2
3937,-3938.0,1
3938,-3939.0,0
3939,-3940.0,0
3940,-3941.0,0
3941,-3942.0,0
3942,-3943.0,0
3943,-3944.0,1
3944,-3945.0,0
3945,-3946.0,3
3946,-3947.0,1
3947,-3948.0,1
3948,-3949.0,2
3949,-3950.0,3
3950,-3951.0,1
3951,-3952.0,1
3952,-3953.0,2
3953,-3954.0,2
3954,-3955.0,2
3955,-3956.0,3
3956,-3957.0,2
3957,-3958.0,2
3958,-3959.0,0
3959,-3960.0,1
3960,-3961.0,0
3961,-3962.0,4
3962,-3963.0,1
3963,-3964.0,0
3964,-3965.0,1
3965,-3966.0,1
3966,-3967.0,1
3967,-3968.0,1
3968,-3969.0,2
3969,-3970.0,4
3970,-3971.0,1
3971,-3972.0,0
3972,-3973.0,1
3973,-3974.0,0
3974,-3975.0,0
3975,-3976.0,1
3976,-3977.0,2
3977,-3978.0,2
3978,-3979.0,2
3979,-3980.0,1
3980,-3981.0,1
3981,-3982.0,1
3982,-3983.0,0
3983,-3984.0,3
3984,-3985.0,3
3985,-3986.0,1
3986,-3987.0,0
3987,-3988.0,1
3988,-3989.0,4
3989,-3990.0,2
3990,-3991.0,5
3991,-3992.0,1
3992,-3993.0,3
3993,-3994.0,0
3994,-3995.0,1
3995,-3996.0,1
3996,-3997.0,0
3997,-3998.0,0
3998,-3999.0,0
3999,-4000.0,0
4000,-4001.0,1
4001,-4002.0,0
4002,-4003.0,0
4003,-4004.0,1
4004,-4005.0,1
4005,-4006.0,0
4006,-4007.0,0
4007,-4008.0,0
4008,-4009.0,0
4009,-4010.0,1
4010,-4011.0,1
4011,-4012.0,0
4012,-4013.0,2
4013,-4014.0,0
4014,-4015.0,0
4015,-4016.0,0
4016,-4017.0,0
4017,-4018.0,0
4018,-4019.0,1
4019,-4020.0,0
4020,-4021.0,0
4021,-4022.0,0
4022,-4023.0,0
4023,-4024.0,0
4024,-4025.0,0
4025,-4026.0,0
4026,-4027.0,2
4027,-4028.0,1
4028,-4029.0,1
4029,-4030.0,1
4030,-4031.0,0
4031,-4032.0,1
4032,-4033.0,1
4033,-4034.0,1
4034,-4035.0,1
4035,-4036.0,3
4036,-4037.0,1
4037,-4038.0,2
4038,-4039.0,2
4039,-4040.0,1
4040,-4041.0,3
4041,-4042.0,2
4042,-4043.0,1
4043,-4044.0,1
4044,-4045.0,1
4045,-4046.0,0
4046,-4047.0,0
4047,-4048.0,5
4048,-4049.0,2
4049,-4050.0,2
4050,-4051.0,0
4051,-4052.0,1
4052,-4053.0,2
4053,-4054.0,0
4054,-4055.0,0
4055,-4056.0,0
4056,-4057.0,0
4057,-4058.0,0
4058,-4059.0,1
4059,-4060.0,0
4060,-4061.0,1
4061,-4062.0,0
4062,-4063.0,1
4063,-4064.0,0
4064,-4065.0,0
4065,-4066.0,0
4066,-4067.0,0
4067,-4068.0,0
4068,-4069.0,0
4069,-4070.0,0
4070,-4071.0,0
4071,-4072.0,0
4072,-4073.0,1
4073,-4074.0,1
4074,-4075.0,1
4075,-4076.0,0
4076,-4077.0,1
4077,-4078.0,4
4078,-4079.0,1
4079,-4080.0,3
4080,-4081.0,2
4081,-4082.0,1
4082,-4083.0,3
4083,-4084.0,2
4084,-4085.0,0
4085,-4086.0,0
4086,-4087.0,1
4087,-4088.0,2
4088,-4089.0,1
4089,-4090.0,1
4090,-4091.0,0
4091,-4092.0,1
4092,-4093.0,2
4093,-4094.0,1
4094,-4095.0,2
4095,-4096.0,1
4096,-4097.0,2
4097,-4098.0,0
4098,-4099.0,1
4099,-4100.0,3
4100,-4101.0,1
4101,-4102.0,0
4102,-4103.0,0
4103,-4104.0,0
4104,-4105.0,0
4105,-4106.0,1
4106,-4107.0,1
4107,-4108.0,0
4108,-4109.0,0
4109,-4110.0,1
4110,-4111.0,4
4111,-4112.0,2
4112,-4113.0,0
4113,-4114.0,0
4114,-4115.0,1
4115,-4116.0,0
4116,-4117.0,0
4117,-4118.0,0
4118,-4119.0,1
4119,-4120.0,1
4120,-4121.0,1
4121,-4122.0,2
4122,-4123.0,1
4123,-4124.0,0
4124,-4125.0,0
4125,-4126.0,1
4126,-4127.0,0
4127,-4128.0,1
4128,-4129.0,0
4129,-4130.0,0
4130,-4131.0,0
4131,-4132.0,0
4132,-4133.0,1
4133,-4134.0,0
4134,-4135.0,0
4135,-4136.0,1
4136,-4137.0,1
4137,-4138.0,0
4138,-4139.0,1
4139,-4140.0,1
4140,-4141.0,1
4141,-4142.0,0
4142,-4143.0,1
4143,-4144.0,0
4144,-4145.0,1
4145,-4146.0,0
4146,-4147.0,0
4147,-4148.0,0
4148,-4149.0,0
4149,-4150.0,0
4150,-4151.0,1
4151,-4152.0,0
4152,-4153.0,1
4153,-4154.0,1
4154,-4155.0,0
4155,-4156.0,2
4156,-4157.0,0
4157,-4158.0,0
4158,-4159.0,0
4159,-4160.0,0
4160,-4161.0,1
4161,-4162.0,0
4162,-4163.0,1
4163,-4164.0,0
4164,-4165.0,3
4165,-4166.0,1
4166,-4167.0,2
4167,-4168.0,2
4168,-4169.0,1
4169,-4170.0,0
4170,-4171.0,1
4171,-4172.0,1
4172,-4173.0,0
4173,-4174.0,1
4174,-4175.0,2
4175,-4176.0,2
4176,-4177.0,3
4177,-4178.0,2
4178,-4179.0,1
4179,-4180.0,0
4180,-4181.0,1
4181,-4182.0,0
4182,-4183.0,0
4183,-4184.0,0
4184,-4185.0,0
4185,-4186.0,0
4186,-4187.0,2
4187,-4188.0,0
4188,-4189.0,0
4189,-4190.0,0
4190,-4191.0,4
4191,-4192.0,2
4192,-4193.0,0
4193,-4194.0,0
4194,-4195.0,3
4195,-4196.0,2
4196,-4197.0,0
4197,-4198.0,2
4198,-4199.0,0
4199,-4200.0,1
4200,-4201.0,0
4201,-4202.0,2
4202,-4203.0,1
4203,-4204.0,1
4204,-4205.0,1
4205,-4206.0,0
4206,-4207.0,0
4207,-4208.0,1
4208,-4209.0,3
4209,-4210.0,0
4210,-4211.0,2
4211,-4212.0,2
4212,-4213.0,1
4213,-4214.0,0
4214,-4215.0,1
4215,-4216.0,0
4216,-4217.0,1
4217,-4218.0,1
4218,-4219.0,1
4219,-4220.0,1
4220,-4221.0,2
4221,-4222.0,1
4222,-4223.0,1
4223,-4224.0,0
4224,-4225.0,1
4225,-4226.0,0
4226,-4227.0,0
4227,-4228.0,3
4228,-4229.0,1
4229,-4230.0,3
4230,-4231.0,3
4231,-4232.0,4
4232,-4233.0,2
4233,-4234.0,1
4234,-4235.0,2
4235,-4236.0,1
4236,-4237.0,2
4237,-4238.0,2
4238,-4239.0,6
4239,-4240.0,4
4240,-4241.0,2
4241,-4242.0,1
4242,-4243.0,2
4243,-4244.0,0
4244,-4245.0,1
4245,-4246.0,1
4246,-4247.0,4
4247,-4248.0,3
4248,-4249.0,2
4249,-4250.0,2
4250,-4251.0,2
4251,-4252.0,0
4252,-4253.0,0
4253,-4254.0,2
4254,-4255.0,0
4255,-4256.0,1
4256,-4257.0,1
4257,-4258.0,3
4258,-4259.0,2
4259,-4260.0,2
4260,-4261.0,2
4261,-4262.0,1
4262,-4263.0,1
4263,-4264.0,1
4264,-4265.0,1
4265,-4266.0,0
4266,-4267.0,0
4267,-4268.0,0
4268,-4269.0,1
4269,-4270.0,0
4270,-4271.0,0
4271,-4272.0,1
4272,-4273.0,1
4273,-4274.0,0
4274,-4275.0,1
4275,-4276.0,1
4276,-4277.0,1
4277,-4278.0,0
4278,-4279.0,1
4279,-4280.0,0
4280,-4281.0,1
4281,-4282.0,0
4282,-4283.0,2
4283,-4284.0,0
4284,-4285.0,0
4285,-4286.0,0
4286,-4287.0,1
4287,-4288.0,1
4288,-4289.0,0
4289,-4290.0,1
4290,-4291.0,0
4291,-4292.0,2
4292,-4293.0,3
4293,-4294.0,0
4294,-4295.0,3
4295,-4296.0,3
4296,-4297.0,3
4297,-4298.0,4
4298,-4299.0,3
4299,-4300.0,4
4300,-4301.0,2
4301,-4302.0,4
4302,-4303.0,0
4303,-4304.0,0
4304,-4305.0,4
4305,-4306.0,5
4306,-4307.0,8
4307,-4308.0,2
4308,-4309.0,1
4309,-4310.0,6
4310,-4311.0,4
4311,-4312.0,4
4312,-4313.0,1
4313,-4314.0,3
4314,-4315.0,0
4315,-4316.0,1
4316,-4317.0,2
4317,-4318.0,1
4318,-4319.0,0
4319,-4320.0,0
